table_id,company,page,row_index,headers,row_text
apple_p3_t4,apple,3,0,"Item 5. | Market for Registrant’s Common Equity, Related Stockholder Matters and Issuer Purchases of Equity Securities | 18","Company: Apple | Source: 10-K Annual Report | Page: 3 | Item 5.: Item 6. | Market for Registrant’s Common Equity, Related Stockholder Matters and Issuer Purchases of Equity Securities: [Reserved] | 18: 19"
apple_p3_t4,apple,3,1,"Item 5. | Market for Registrant’s Common Equity, Related Stockholder Matters and Issuer Purchases of Equity Securities | 18","Company: Apple | Source: 10-K Annual Report | Page: 3 | Item 5.: Item 7. | Market for Registrant’s Common Equity, Related Stockholder Matters and Issuer Purchases of Equity Securities: Management’s Discussion and Analysis of Financial Condition and Results of Operations | 18: 20"
apple_p3_t4,apple,3,2,"Item 5. | Market for Registrant’s Common Equity, Related Stockholder Matters and Issuer Purchases of Equity Securities | 18","Company: Apple | Source: 10-K Annual Report | Page: 3 | Item 5.: Item 7A. | Market for Registrant’s Common Equity, Related Stockholder Matters and Issuer Purchases of Equity Securities: Quantitative and Qualitative Disclosures About Market Risk | 18: 26"
apple_p3_t4,apple,3,3,"Item 5. | Market for Registrant’s Common Equity, Related Stockholder Matters and Issuer Purchases of Equity Securities | 18","Company: Apple | Source: 10-K Annual Report | Page: 3 | Item 5.: Item 8. | Market for Registrant’s Common Equity, Related Stockholder Matters and Issuer Purchases of Equity Securities: Financial Statements and Supplementary Data | 18: 28"
apple_p3_t4,apple,3,4,"Item 5. | Market for Registrant’s Common Equity, Related Stockholder Matters and Issuer Purchases of Equity Securities | 18","Company: Apple | Source: 10-K Annual Report | Page: 3 | Item 5.: Item 9. | Market for Registrant’s Common Equity, Related Stockholder Matters and Issuer Purchases of Equity Securities: Changes in and Disagreements with Accountants on Accounting and Financial Disclosure | 18: 53"
apple_p3_t4,apple,3,5,"Item 5. | Market for Registrant’s Common Equity, Related Stockholder Matters and Issuer Purchases of Equity Securities | 18","Company: Apple | Source: 10-K Annual Report | Page: 3 | Item 5.: Item 9A. | Market for Registrant’s Common Equity, Related Stockholder Matters and Issuer Purchases of Equity Securities: Controls and Procedures | 18: 53"
apple_p3_t4,apple,3,6,"Item 5. | Market for Registrant’s Common Equity, Related Stockholder Matters and Issuer Purchases of Equity Securities | 18","Company: Apple | Source: 10-K Annual Report | Page: 3 | Item 5.: Item 9B. | Market for Registrant’s Common Equity, Related Stockholder Matters and Issuer Purchases of Equity Securities: Other Information | 18: 54"
apple_p3_t4,apple,3,7,"Item 5. | Market for Registrant’s Common Equity, Related Stockholder Matters and Issuer Purchases of Equity Securities | 18","Company: Apple | Source: 10-K Annual Report | Page: 3 | Item 5.: Item 9C. | Market for Registrant’s Common Equity, Related Stockholder Matters and Issuer Purchases of Equity Securities: Disclosure Regarding Foreign Jurisdictions that Prevent Inspections | 18: 54"
apple_p21_t1,apple,21,0,"Open market and privately negotiated purchases |  | 41,690 |  | $ | 145.91 |  | 41,690 |  |  | ","Company: Apple | Source: 10-K Annual Report | Page: 21 | Open market and privately negotiated purchases: July 31, 2022 to August 27, 2022:"
apple_p21_t1,apple,21,1,"Open market and privately negotiated purchases |  | 41,690 |  | $ | 145.91 |  | 41,690 |  |  | ","Company: Apple | Source: 10-K Annual Report | Page: 21 | Open market and privately negotiated purchases: Open market and privately negotiated purchases | 41,690: 54,669 | $: $ | 145.91: 168.29 | 41,690: 54,669"
apple_p21_t1,apple,21,2,"Open market and privately negotiated purchases |  | 41,690 |  | $ | 145.91 |  | 41,690 |  |  | ","Company: Apple | Source: 10-K Annual Report | Page: 21 | Open market and privately negotiated purchases: August 28, 2022 to September 24, 2022:"
apple_p21_t1,apple,21,3,"Open market and privately negotiated purchases |  | 41,690 |  | $ | 145.91 |  | 41,690 |  |  | ","Company: Apple | Source: 10-K Annual Report | Page: 21 | Open market and privately negotiated purchases: Open market and privately negotiated purchases | 41,690: 63,813 | $: $ | 145.91: 155.59 | 41,690: 63,813"
apple_p21_t1,apple,21,4,"Open market and privately negotiated purchases |  | 41,690 |  | $ | 145.91 |  | 41,690 |  |  | ","Company: Apple | Source: 10-K Annual Report | Page: 21 | Open market and privately negotiated purchases: Total | 41,690: 160,172"
apple_p22_t1,apple,22,0,S&P 500 Index |  | $ | 100 |  | $ | 118 |  | $ | 123 |  | $ | 142 |  | $ | 184 |  | $ | 156,Company: Apple | Source: 10-K Annual Report | Page: 22 | S&P 500 Index: S&P Information Technology Index | $: $ | 100: 100 | $: $ | 118: 131 | $: $ | 123: 143 | $: $ | 142: 210 | $: $ | 184: 271 | $: $ | 156: 217
apple_p22_t1,apple,22,1,S&P 500 Index |  | $ | 100 |  | $ | 118 |  | $ | 123 |  | $ | 142 |  | $ | 184 |  | $ | 156,Company: Apple | Source: 10-K Annual Report | Page: 22 | S&P 500 Index: Dow Jones U.S. Technology Supersector Index | $: $ | 100: 100 | $: $ | 118: 131 | $: $ | 123: 139 | $: $ | 142: 208 | $: $ | 184: 283 | $: $ | 156: 209
apple_p24_t1,apple,24,0,"iPhone (1) | $ | 205,489 |  | 7 | % |  | $ | 191,973 |  | 39 | % |  | $ | 137,781","Company: Apple | Source: 10-K Annual Report | Page: 24 | iPhone (1): Mac (1) | $: 40,177 | 7: 14 | %: % | $: 35,190 | 39: 23 | %: % | $: 28,622"
apple_p24_t1,apple,24,1,"iPhone (1) | $ | 205,489 |  | 7 | % |  | $ | 191,973 |  | 39 | % |  | $ | 137,781","Company: Apple | Source: 10-K Annual Report | Page: 24 | iPhone (1): iPad (1) | $: 29,292 | 7: (8) | %: % | $: 31,862 | 39: 34 | %: % | $: 23,724"
apple_p24_t1,apple,24,2,"iPhone (1) | $ | 205,489 |  | 7 | % |  | $ | 191,973 |  | 39 | % |  | $ | 137,781","Company: Apple | Source: 10-K Annual Report | Page: 24 | iPhone (1): Wearables, Home and Accessories (1)(2) | $: 41,241 | 7: 7 | %: % | $: 38,367 | 39: 25 | %: % | $: 30,620"
apple_p24_t1,apple,24,3,"iPhone (1) | $ | 205,489 |  | 7 | % |  | $ | 191,973 |  | 39 | % |  | $ | 137,781","Company: Apple | Source: 10-K Annual Report | Page: 24 | iPhone (1): Services (3) | $: 78,129 | 7: 14 | %: % | $: 68,425 | 39: 27 | %: % | $: 53,768"
apple_p24_t1,apple,24,4,"iPhone (1) | $ | 205,489 |  | 7 | % |  | $ | 191,973 |  | 39 | % |  | $ | 137,781","Company: Apple | Source: 10-K Annual Report | Page: 24 | iPhone (1): Total net sales | $: $ | 205,489: 394,328 | 7: 8 | %: % | $: $ | 191,973: 365,817 | 39: 33 | %: % | $: $ | 137,781: 274,515"
apple_p25_t1,apple,25,0,"Americas | $ | 169,658 |  | 11 | % |  | $ | 153,306 |  | 23 | % |  | $ | 124,556","Company: Apple | Source: 10-K Annual Report | Page: 25 | Americas: Europe | $: 95,118 | 11: 7 | %: % | $: 89,307 | 23: 30 | %: % | $: 68,640"
apple_p25_t1,apple,25,1,"Americas | $ | 169,658 |  | 11 | % |  | $ | 153,306 |  | 23 | % |  | $ | 124,556","Company: Apple | Source: 10-K Annual Report | Page: 25 | Americas: Greater China | $: 74,200 | 11: 9 | %: % | $: 68,366 | 23: 70 | %: % | $: 40,308"
apple_p25_t1,apple,25,2,"Americas | $ | 169,658 |  | 11 | % |  | $ | 153,306 |  | 23 | % |  | $ | 124,556","Company: Apple | Source: 10-K Annual Report | Page: 25 | Americas: Japan | $: 25,977 | 11: (9) | %: % | $: 28,482 | 23: 33 | %: % | $: 21,418"
apple_p25_t1,apple,25,3,"Americas | $ | 169,658 |  | 11 | % |  | $ | 153,306 |  | 23 | % |  | $ | 124,556","Company: Apple | Source: 10-K Annual Report | Page: 25 | Americas: Rest of Asia Pacific | $: 29,375 | 11: 11 | %: % | $: 26,356 | 23: 35 | %: % | $: 19,593"
apple_p25_t1,apple,25,4,"Americas | $ | 169,658 |  | 11 | % |  | $ | 153,306 |  | 23 | % |  | $ | 124,556","Company: Apple | Source: 10-K Annual Report | Page: 25 | Americas: Total net sales | $: $ | 169,658: 394,328 | 11: 8 | %: % | $: $ | 153,306: 365,817 | 23: 33 | %: % | $: $ | 124,556: 274,515"
apple_p26_t1,apple,26,0,"Products | $ | 114,728 |  | $ 105,126 | $ | 69,461","Company: Apple | Source: 10-K Annual Report | Page: 26 | Products: Services | $: 56,054 | $ 105,126: 47,710 | $: 35,495"
apple_p26_t1,apple,26,1,"Products | $ | 114,728 |  | $ 105,126 | $ | 69,461","Company: Apple | Source: 10-K Annual Report | Page: 26 | Products: Total gross margin | $: $ | 114,728: 170,782 | $ 105,126: $ 152,836 | $: $ | 69,461: 104,956"
apple_p26_t2,apple,26,0,Products | 36.3 | % |  | 35.3 | % | 31.5 | %,Company: Apple | Source: 10-K Annual Report | Page: 26 | Products: Services | 36.3: 71.7 | %: % | 35.3: 69.7 | %: % | 31.5: 66.0 | %: %
apple_p26_t2,apple,26,1,Products | 36.3 | % |  | 35.3 | % | 31.5 | %,Company: Apple | Source: 10-K Annual Report | Page: 26 | Products: Total gross margin percentage | 36.3: 43.3 | %: % | 35.3: 41.8 | %: % | 31.5: 38.2 | %: %
apple_p26_t3,apple,26,0,Percentage of total net sales | 7 |  | % |  |  |  |  | 6 |  | % |  |  | 7 |  | %,"Company: Apple | Source: 10-K Annual Report | Page: 26 | Percentage of total net sales: Selling, general and administrative | 7: $ | 6: $ | 7: $"
apple_p26_t3,apple,26,1,Percentage of total net sales | 7 |  | % |  |  |  |  | 6 |  | % |  |  | 7 |  | %,Company: Apple | Source: 10-K Annual Report | Page: 26 | Percentage of total net sales: Percentage of total net sales | 7: 6 | %: % | 6: 6 | %: % | 7: 7 | %: %
apple_p26_t3,apple,26,2,Percentage of total net sales | 7 |  | % |  |  |  |  | 6 |  | % |  |  | 7 |  | %,Company: Apple | Source: 10-K Annual Report | Page: 26 | Percentage of total net sales: Total operating expenses | 7: $ | 6: $ | 7: $
apple_p26_t3,apple,26,3,Percentage of total net sales | 7 |  | % |  |  |  |  | 6 |  | % |  |  | 7 |  | %,Company: Apple | Source: 10-K Annual Report | Page: 26 | Percentage of total net sales: Percentage of total net sales | 7: 13 | %: % | 6: 12 | %: % | 7: 14 | %: %
apple_p27_t1,apple,27,0,"Interest expense | (2,931) |  |  |  |  |  | (2,645) |  |  |  |  |  | (2,873) | ","Company: Apple | Source: 10-K Annual Report | Page: 27 | Interest expense: Other income/(expense), net | (2,931): (228) | (2,645): 60 | (2,873): (87)"
apple_p27_t1,apple,27,1,"Interest expense | (2,931) |  |  |  |  |  | (2,645) |  |  |  |  |  | (2,873) | ","Company: Apple | Source: 10-K Annual Report | Page: 27 | Interest expense: Total other income/(expense), net | (2,931): $ | (2,645): $ | (2,873): $"
apple_p27_t2,apple,27,0,Effective tax rate | 16.2 | % |  | 13.3 | % |  | 14.4 | %,Company: Apple | Source: 10-K Annual Report | Page: 27 | Effective tax rate: Statutory federal income tax rate | 16.2: 21 | %: % | 13.3: 21 | %: % | 14.4: 21 | %: %
apple_p31_t1,apple,31,0,"Consolidated Statements of Comprehensive Income for the years ended September 24, 2022, September 25, 2021 and September 26, 2020 |  | 30","Company: Apple | Source: 10-K Annual Report | Page: 31 | Consolidated Statements of Comprehensive Income for the years ended September 24, 2022, September 25, 2021 and September 26, 2020: Consolidated Balance Sheets as of September 24, 2022 and September 25, 2021"
apple_p31_t1,apple,31,1,"Consolidated Statements of Comprehensive Income for the years ended September 24, 2022, September 25, 2021 and September 26, 2020 |  | 30","Company: Apple | Source: 10-K Annual Report | Page: 31 | Consolidated Statements of Comprehensive Income for the years ended September 24, 2022, September 25, 2021 and September 26, 2020: Consolidated Statements of Shareholders’ Equity for the years ended September 24, 2022, September 25, 2021 and September 26, 2020 | 30: 32"
apple_p31_t1,apple,31,2,"Consolidated Statements of Comprehensive Income for the years ended September 24, 2022, September 25, 2021 and September 26, 2020 |  | 30","Company: Apple | Source: 10-K Annual Report | Page: 31 | Consolidated Statements of Comprehensive Income for the years ended September 24, 2022, September 25, 2021 and September 26, 2020: Consolidated Statements of Cash Flows for the years ended September 24, 2022, September 25, 2021 and September 26, 2020"
apple_p31_t1,apple,31,3,"Consolidated Statements of Comprehensive Income for the years ended September 24, 2022, September 25, 2021 and September 26, 2020 |  | 30","Company: Apple | Source: 10-K Annual Report | Page: 31 | Consolidated Statements of Comprehensive Income for the years ended September 24, 2022, September 25, 2021 and September 26, 2020: Notes to Consolidated Financial Statements | 30: 34"
apple_p31_t1,apple,31,4,"Consolidated Statements of Comprehensive Income for the years ended September 24, 2022, September 25, 2021 and September 26, 2020 |  | 30","Company: Apple | Source: 10-K Annual Report | Page: 31 | Consolidated Statements of Comprehensive Income for the years ended September 24, 2022, September 25, 2021 and September 26, 2020: Reports of Independent Registered Public Accounting Firm"
apple_p32_t1,apple,32,0,"Products | $ | 316,199 | $ | 297,392 |  | $ | 220,747","Company: Apple | Source: 10-K Annual Report | Page: 32 | Products: Services | $: 78,129 | $: 68,425 | $: 53,768"
apple_p32_t1,apple,32,1,"Products | $ | 316,199 | $ | 297,392 |  | $ | 220,747","Company: Apple | Source: 10-K Annual Report | Page: 32 | Products: Total net sales | $: 394,328 | $: 365,817 | $: 274,515"
apple_p32_t1,apple,32,2,"Products | $ | 316,199 | $ | 297,392 |  | $ | 220,747",Company: Apple | Source: 10-K Annual Report | Page: 32 | Products: Cost of sales:
apple_p32_t1,apple,32,3,"Products | $ | 316,199 | $ | 297,392 |  | $ | 220,747","Company: Apple | Source: 10-K Annual Report | Page: 32 | Products: Products | $: 201,471 | $: 192,266 | $: 151,286"
apple_p32_t1,apple,32,4,"Products | $ | 316,199 | $ | 297,392 |  | $ | 220,747","Company: Apple | Source: 10-K Annual Report | Page: 32 | Products: Services | $: 22,075 | $: 20,715 | $: 18,273"
apple_p32_t1,apple,32,5,"Products | $ | 316,199 | $ | 297,392 |  | $ | 220,747","Company: Apple | Source: 10-K Annual Report | Page: 32 | Products: Total cost of sales | $: 223,546 | $: 212,981 | $: 169,559"
apple_p32_t1,apple,32,6,"Products | $ | 316,199 | $ | 297,392 |  | $ | 220,747","Company: Apple | Source: 10-K Annual Report | Page: 32 | Products: Gross margin | $: 170,782 | $: 152,836 | $: 104,956"
apple_p32_t1,apple,32,7,"Products | $ | 316,199 | $ | 297,392 |  | $ | 220,747",Company: Apple | Source: 10-K Annual Report | Page: 32 | Products: Operating expenses:
apple_p32_t1,apple,32,8,"Products | $ | 316,199 | $ | 297,392 |  | $ | 220,747","Company: Apple | Source: 10-K Annual Report | Page: 32 | Products: Research and development | $: 26,251 | $: 21,914 | $: 18,752"
apple_p32_t1,apple,32,9,"Products | $ | 316,199 | $ | 297,392 |  | $ | 220,747","Company: Apple | Source: 10-K Annual Report | Page: 32 | Products: Selling, general and administrative | $: 25,094 | $: 21,973 | $: 19,916"
apple_p32_t1,apple,32,10,"Products | $ | 316,199 | $ | 297,392 |  | $ | 220,747","Company: Apple | Source: 10-K Annual Report | Page: 32 | Products: Total operating expenses | $: 51,345 | $: 43,887 | $: 38,668"
apple_p32_t1,apple,32,11,"Products | $ | 316,199 | $ | 297,392 |  | $ | 220,747","Company: Apple | Source: 10-K Annual Report | Page: 32 | Products: Operating income | $: 119,437 | $: 108,949 | $: 66,288"
apple_p32_t1,apple,32,12,"Products | $ | 316,199 | $ | 297,392 |  | $ | 220,747","Company: Apple | Source: 10-K Annual Report | Page: 32 | Products: Other income/(expense), net | $: (334) | $: 258 | $: 803"
apple_p32_t1,apple,32,13,"Products | $ | 316,199 | $ | 297,392 |  | $ | 220,747","Company: Apple | Source: 10-K Annual Report | Page: 32 | Products: Income before provision for income taxes | $: 119,103 | $: 109,207 | $: 67,091"
apple_p32_t1,apple,32,14,"Products | $ | 316,199 | $ | 297,392 |  | $ | 220,747","Company: Apple | Source: 10-K Annual Report | Page: 32 | Products: Provision for income taxes | $: 19,300 | $: 14,527 | $: 9,680"
apple_p32_t1,apple,32,15,"Products | $ | 316,199 | $ | 297,392 |  | $ | 220,747","Company: Apple | Source: 10-K Annual Report | Page: 32 | Products: Net income | $: $ | 316,199: 99,803 | $: $ | 297,392: 94,680 | $: $ | 220,747: 57,411"
apple_p32_t1,apple,32,16,"Products | $ | 316,199 | $ | 297,392 |  | $ | 220,747",Company: Apple | Source: 10-K Annual Report | Page: 32 | Products: Earnings per share:
apple_p32_t1,apple,32,17,"Products | $ | 316,199 | $ | 297,392 |  | $ | 220,747","Company: Apple | Source: 10-K Annual Report | Page: 32 | Products: Basic | $: $ | 316,199: 6.15 | $: $ | 297,392: 5.67 | $: $ | 220,747: 3.31"
apple_p32_t1,apple,32,18,"Products | $ | 316,199 | $ | 297,392 |  | $ | 220,747","Company: Apple | Source: 10-K Annual Report | Page: 32 | Products: Diluted | $: $ | 316,199: 6.11 | $: $ | 297,392: 5.61 | $: $ | 220,747: 3.28"
apple_p32_t1,apple,32,19,"Products | $ | 316,199 | $ | 297,392 |  | $ | 220,747",Company: Apple | Source: 10-K Annual Report | Page: 32 | Products: Shares used in computing earnings per share:
apple_p32_t1,apple,32,20,"Products | $ | 316,199 | $ | 297,392 |  | $ | 220,747","Company: Apple | Source: 10-K Annual Report | Page: 32 | Products: Basic | $: 16,215,963 | $: 16,701,272 | $: 17,352,119"
apple_p32_t1,apple,32,21,"Products | $ | 316,199 | $ | 297,392 |  | $ | 220,747","Company: Apple | Source: 10-K Annual Report | Page: 32 | Products: Diluted | $: 16,325,819 | $: 16,864,919 | $: 17,528,214"
apple_p33_t1,apple,33,0,Other comprehensive income/(loss): |  |  |  |  |  |  | ,"Company: Apple | Source: 10-K Annual Report | Page: 33 | Other comprehensive income/(loss):: Change in foreign currency translation, net of tax"
apple_p33_t1,apple,33,1,Other comprehensive income/(loss): |  |  |  |  |  |  | ,"Company: Apple | Source: 10-K Annual Report | Page: 33 | Other comprehensive income/(loss):: Change in unrealized gains/losses on derivative instruments, net of tax:"
apple_p33_t1,apple,33,2,Other comprehensive income/(loss): |  |  |  |  |  |  | ,Company: Apple | Source: 10-K Annual Report | Page: 33 | Other comprehensive income/(loss):: Change in fair value of derivative instruments
apple_p33_t1,apple,33,3,Other comprehensive income/(loss): |  |  |  |  |  |  | ,Company: Apple | Source: 10-K Annual Report | Page: 33 | Other comprehensive income/(loss):: Adjustment for net (gains)/losses realized and included in net income
apple_p33_t1,apple,33,4,Other comprehensive income/(loss): |  |  |  |  |  |  | ,Company: Apple | Source: 10-K Annual Report | Page: 33 | Other comprehensive income/(loss):: Total change in unrealized gains/losses on derivative instruments
apple_p33_t1,apple,33,5,Other comprehensive income/(loss): |  |  |  |  |  |  | ,"Company: Apple | Source: 10-K Annual Report | Page: 33 | Other comprehensive income/(loss):: Change in unrealized gains/losses on marketable debt securities, net of tax:"
apple_p33_t1,apple,33,6,Other comprehensive income/(loss): |  |  |  |  |  |  | ,Company: Apple | Source: 10-K Annual Report | Page: 33 | Other comprehensive income/(loss):: Change in fair value of marketable debt securities
apple_p33_t1,apple,33,7,Other comprehensive income/(loss): |  |  |  |  |  |  | ,Company: Apple | Source: 10-K Annual Report | Page: 33 | Other comprehensive income/(loss):: Adjustment for net (gains)/losses realized and included in net income
apple_p33_t1,apple,33,8,Other comprehensive income/(loss): |  |  |  |  |  |  | ,Company: Apple | Source: 10-K Annual Report | Page: 33 | Other comprehensive income/(loss):: Total change in unrealized gains/losses on marketable debt securities
apple_p33_t1,apple,33,9,Other comprehensive income/(loss): |  |  |  |  |  |  | ,Company: Apple | Source: 10-K Annual Report | Page: 33 | Other comprehensive income/(loss):: Total other comprehensive income/(loss)
apple_p33_t1,apple,33,10,Other comprehensive income/(loss): |  |  |  |  |  |  | ,Company: Apple | Source: 10-K Annual Report | Page: 33 | Other comprehensive income/(loss):: Total comprehensive income
apple_p34_t1,apple,34,0,ASSETS: |  |  |  |  | ,Company: Apple | Source: 10-K Annual Report | Page: 34 | ASSETS:: Current assets:
apple_p34_t1,apple,34,1,ASSETS: |  |  |  |  | ,Company: Apple | Source: 10-K Annual Report | Page: 34 | ASSETS:: Cash and cash equivalents
apple_p34_t1,apple,34,2,ASSETS: |  |  |  |  | ,Company: Apple | Source: 10-K Annual Report | Page: 34 | ASSETS:: Marketable securities
apple_p34_t1,apple,34,3,ASSETS: |  |  |  |  | ,"Company: Apple | Source: 10-K Annual Report | Page: 34 | ASSETS:: Accounts receivable, net"
apple_p34_t1,apple,34,4,ASSETS: |  |  |  |  | ,Company: Apple | Source: 10-K Annual Report | Page: 34 | ASSETS:: Inventories
apple_p34_t1,apple,34,5,ASSETS: |  |  |  |  | ,Company: Apple | Source: 10-K Annual Report | Page: 34 | ASSETS:: Vendor non-trade receivables
apple_p34_t1,apple,34,6,ASSETS: |  |  |  |  | ,Company: Apple | Source: 10-K Annual Report | Page: 34 | ASSETS:: Other current assets
apple_p34_t1,apple,34,7,ASSETS: |  |  |  |  | ,Company: Apple | Source: 10-K Annual Report | Page: 34 | ASSETS:: Total current assets
apple_p34_t1,apple,34,8,ASSETS: |  |  |  |  | ,Company: Apple | Source: 10-K Annual Report | Page: 34 | ASSETS:: Non-current assets:
apple_p34_t1,apple,34,9,ASSETS: |  |  |  |  | ,Company: Apple | Source: 10-K Annual Report | Page: 34 | ASSETS:: Marketable securities
apple_p34_t1,apple,34,10,ASSETS: |  |  |  |  | ,"Company: Apple | Source: 10-K Annual Report | Page: 34 | ASSETS:: Property, plant and equipment, net"
apple_p34_t1,apple,34,11,ASSETS: |  |  |  |  | ,Company: Apple | Source: 10-K Annual Report | Page: 34 | ASSETS:: Other non-current assets
apple_p34_t1,apple,34,12,ASSETS: |  |  |  |  | ,Company: Apple | Source: 10-K Annual Report | Page: 34 | ASSETS:: Total non-current assets
apple_p34_t1,apple,34,13,ASSETS: |  |  |  |  | ,Company: Apple | Source: 10-K Annual Report | Page: 34 | ASSETS:: Total assets
apple_p34_t1,apple,34,14,ASSETS: |  |  |  |  | ,Company: Apple | Source: 10-K Annual Report | Page: 34 | ASSETS:: LIABILITIES AND SHAREHOLDERS’ EQUITY:
apple_p34_t1,apple,34,15,ASSETS: |  |  |  |  | ,Company: Apple | Source: 10-K Annual Report | Page: 34 | ASSETS:: Current liabilities:
apple_p34_t1,apple,34,16,ASSETS: |  |  |  |  | ,Company: Apple | Source: 10-K Annual Report | Page: 34 | ASSETS:: Accounts payable
apple_p34_t1,apple,34,17,ASSETS: |  |  |  |  | ,Company: Apple | Source: 10-K Annual Report | Page: 34 | ASSETS:: Other current liabilities
apple_p34_t1,apple,34,18,ASSETS: |  |  |  |  | ,Company: Apple | Source: 10-K Annual Report | Page: 34 | ASSETS:: Deferred revenue
apple_p34_t1,apple,34,19,ASSETS: |  |  |  |  | ,Company: Apple | Source: 10-K Annual Report | Page: 34 | ASSETS:: Commercial paper
apple_p34_t1,apple,34,20,ASSETS: |  |  |  |  | ,Company: Apple | Source: 10-K Annual Report | Page: 34 | ASSETS:: Term debt
apple_p34_t1,apple,34,21,ASSETS: |  |  |  |  | ,Company: Apple | Source: 10-K Annual Report | Page: 34 | ASSETS:: Total current liabilities
apple_p34_t1,apple,34,22,ASSETS: |  |  |  |  | ,Company: Apple | Source: 10-K Annual Report | Page: 34 | ASSETS:: Non-current liabilities:
apple_p34_t1,apple,34,23,ASSETS: |  |  |  |  | ,Company: Apple | Source: 10-K Annual Report | Page: 34 | ASSETS:: Term debt
apple_p34_t1,apple,34,24,ASSETS: |  |  |  |  | ,Company: Apple | Source: 10-K Annual Report | Page: 34 | ASSETS:: Other non-current liabilities
apple_p34_t1,apple,34,25,ASSETS: |  |  |  |  | ,Company: Apple | Source: 10-K Annual Report | Page: 34 | ASSETS:: Total non-current liabilities
apple_p34_t1,apple,34,26,ASSETS: |  |  |  |  | ,Company: Apple | Source: 10-K Annual Report | Page: 34 | ASSETS:: Total liabilities
apple_p34_t1,apple,34,27,ASSETS: |  |  |  |  | ,Company: Apple | Source: 10-K Annual Report | Page: 34 | ASSETS:: Commitments and contingencies
apple_p34_t1,apple,34,28,ASSETS: |  |  |  |  | ,Company: Apple | Source: 10-K Annual Report | Page: 34 | ASSETS:: Shareholders’ equity:
apple_p34_t1,apple,34,29,ASSETS: |  |  |  |  | ,"Company: Apple | Source: 10-K Annual Report | Page: 34 | ASSETS:: Common stock and additional paid-in capital, $0.00001 par value: 50,400,000 shares authorized; 15,943,425
and 16,426,786 shares issued and outstanding, respectively"
apple_p34_t1,apple,34,30,ASSETS: |  |  |  |  | ,Company: Apple | Source: 10-K Annual Report | Page: 34 | ASSETS:: Retained earnings/(Accumulated deficit)
apple_p34_t1,apple,34,31,ASSETS: |  |  |  |  | ,Company: Apple | Source: 10-K Annual Report | Page: 34 | ASSETS:: Accumulated other comprehensive income/(loss)
apple_p34_t1,apple,34,32,ASSETS: |  |  |  |  | ,Company: Apple | Source: 10-K Annual Report | Page: 34 | ASSETS:: Total shareholders’ equity
apple_p34_t1,apple,34,33,ASSETS: |  |  |  |  | ,Company: Apple | Source: 10-K Annual Report | Page: 34 | ASSETS:: Total liabilities and shareholders’ equity
apple_p35_t1,apple,35,0,Common stock and additional paid-in capital: |  |  |  |  |  |  |  | ,Company: Apple | Source: 10-K Annual Report | Page: 35 | Common stock and additional paid-in capital:: Beginning balances
apple_p35_t1,apple,35,1,Common stock and additional paid-in capital: |  |  |  |  |  |  |  | ,Company: Apple | Source: 10-K Annual Report | Page: 35 | Common stock and additional paid-in capital:: Common stock issued
apple_p35_t1,apple,35,2,Common stock and additional paid-in capital: |  |  |  |  |  |  |  | ,Company: Apple | Source: 10-K Annual Report | Page: 35 | Common stock and additional paid-in capital:: Common stock withheld related to net share settlement of equity awards
apple_p35_t1,apple,35,3,Common stock and additional paid-in capital: |  |  |  |  |  |  |  | ,Company: Apple | Source: 10-K Annual Report | Page: 35 | Common stock and additional paid-in capital:: Share-based compensation
apple_p35_t1,apple,35,4,Common stock and additional paid-in capital: |  |  |  |  |  |  |  | ,Company: Apple | Source: 10-K Annual Report | Page: 35 | Common stock and additional paid-in capital:: Ending balances
apple_p35_t1,apple,35,5,Common stock and additional paid-in capital: |  |  |  |  |  |  |  | ,Company: Apple | Source: 10-K Annual Report | Page: 35 | Common stock and additional paid-in capital:: Retained earnings/(Accumulated deficit):
apple_p35_t1,apple,35,6,Common stock and additional paid-in capital: |  |  |  |  |  |  |  | ,Company: Apple | Source: 10-K Annual Report | Page: 35 | Common stock and additional paid-in capital:: Beginning balances
apple_p35_t1,apple,35,7,Common stock and additional paid-in capital: |  |  |  |  |  |  |  | ,Company: Apple | Source: 10-K Annual Report | Page: 35 | Common stock and additional paid-in capital:: Net income
apple_p35_t1,apple,35,8,Common stock and additional paid-in capital: |  |  |  |  |  |  |  | ,Company: Apple | Source: 10-K Annual Report | Page: 35 | Common stock and additional paid-in capital:: Dividends and dividend equivalents declared
apple_p35_t1,apple,35,9,Common stock and additional paid-in capital: |  |  |  |  |  |  |  | ,Company: Apple | Source: 10-K Annual Report | Page: 35 | Common stock and additional paid-in capital:: Common stock withheld related to net share settlement of equity awards
apple_p35_t1,apple,35,10,Common stock and additional paid-in capital: |  |  |  |  |  |  |  | ,Company: Apple | Source: 10-K Annual Report | Page: 35 | Common stock and additional paid-in capital:: Common stock repurchased
apple_p35_t1,apple,35,11,Common stock and additional paid-in capital: |  |  |  |  |  |  |  | ,Company: Apple | Source: 10-K Annual Report | Page: 35 | Common stock and additional paid-in capital:: Cumulative effect of change in accounting principle
apple_p35_t1,apple,35,12,Common stock and additional paid-in capital: |  |  |  |  |  |  |  | ,Company: Apple | Source: 10-K Annual Report | Page: 35 | Common stock and additional paid-in capital:: Ending balances
apple_p35_t1,apple,35,13,Common stock and additional paid-in capital: |  |  |  |  |  |  |  | ,Company: Apple | Source: 10-K Annual Report | Page: 35 | Common stock and additional paid-in capital:: Accumulated other comprehensive income/(loss):
apple_p35_t1,apple,35,14,Common stock and additional paid-in capital: |  |  |  |  |  |  |  | ,Company: Apple | Source: 10-K Annual Report | Page: 35 | Common stock and additional paid-in capital:: Beginning balances
apple_p35_t1,apple,35,15,Common stock and additional paid-in capital: |  |  |  |  |  |  |  | ,Company: Apple | Source: 10-K Annual Report | Page: 35 | Common stock and additional paid-in capital:: Other comprehensive income/(loss)
apple_p35_t1,apple,35,16,Common stock and additional paid-in capital: |  |  |  |  |  |  |  | ,Company: Apple | Source: 10-K Annual Report | Page: 35 | Common stock and additional paid-in capital:: Cumulative effect of change in accounting principle
apple_p35_t1,apple,35,17,Common stock and additional paid-in capital: |  |  |  |  |  |  |  | ,Company: Apple | Source: 10-K Annual Report | Page: 35 | Common stock and additional paid-in capital:: Ending balances
apple_p35_t1,apple,35,18,Common stock and additional paid-in capital: |  |  |  |  |  |  |  | ,"Company: Apple | Source: 10-K Annual Report | Page: 35 | Common stock and additional paid-in capital:: Total shareholders’ equity, ending balances"
apple_p35_t1,apple,35,19,Common stock and additional paid-in capital: |  |  |  |  |  |  |  | ,Company: Apple | Source: 10-K Annual Report | Page: 35 | Common stock and additional paid-in capital:: Dividends and dividend equivalents declared per share or RSU
apple_p36_t1,apple,36,0,Operating activities: |  |  |  |  |  |  |  | ,Company: Apple | Source: 10-K Annual Report | Page: 36 | Operating activities:: Net income
apple_p36_t1,apple,36,1,Operating activities: |  |  |  |  |  |  |  | ,Company: Apple | Source: 10-K Annual Report | Page: 36 | Operating activities:: Adjustments to reconcile net income to cash generated by operating activities:
apple_p36_t1,apple,36,2,Operating activities: |  |  |  |  |  |  |  | ,Company: Apple | Source: 10-K Annual Report | Page: 36 | Operating activities:: Depreciation and amortization
apple_p36_t1,apple,36,3,Operating activities: |  |  |  |  |  |  |  | ,Company: Apple | Source: 10-K Annual Report | Page: 36 | Operating activities:: Share-based compensation expense
apple_p36_t1,apple,36,4,Operating activities: |  |  |  |  |  |  |  | ,Company: Apple | Source: 10-K Annual Report | Page: 36 | Operating activities:: Deferred income tax expense/(benefit)
apple_p36_t1,apple,36,5,Operating activities: |  |  |  |  |  |  |  | ,Company: Apple | Source: 10-K Annual Report | Page: 36 | Operating activities:: Other
apple_p36_t1,apple,36,6,Operating activities: |  |  |  |  |  |  |  | ,Company: Apple | Source: 10-K Annual Report | Page: 36 | Operating activities:: Changes in operating assets and liabilities:
apple_p36_t1,apple,36,7,Operating activities: |  |  |  |  |  |  |  | ,"Company: Apple | Source: 10-K Annual Report | Page: 36 | Operating activities:: Accounts receivable, net"
apple_p36_t1,apple,36,8,Operating activities: |  |  |  |  |  |  |  | ,Company: Apple | Source: 10-K Annual Report | Page: 36 | Operating activities:: Inventories
apple_p36_t1,apple,36,9,Operating activities: |  |  |  |  |  |  |  | ,Company: Apple | Source: 10-K Annual Report | Page: 36 | Operating activities:: Vendor non-trade receivables
apple_p36_t1,apple,36,10,Operating activities: |  |  |  |  |  |  |  | ,Company: Apple | Source: 10-K Annual Report | Page: 36 | Operating activities:: Other current and non-current assets
apple_p36_t1,apple,36,11,Operating activities: |  |  |  |  |  |  |  | ,Company: Apple | Source: 10-K Annual Report | Page: 36 | Operating activities:: Accounts payable
apple_p36_t1,apple,36,12,Operating activities: |  |  |  |  |  |  |  | ,Company: Apple | Source: 10-K Annual Report | Page: 36 | Operating activities:: Deferred revenue
apple_p36_t1,apple,36,13,Operating activities: |  |  |  |  |  |  |  | ,Company: Apple | Source: 10-K Annual Report | Page: 36 | Operating activities:: Other current and non-current liabilities
apple_p36_t1,apple,36,14,Operating activities: |  |  |  |  |  |  |  | ,Company: Apple | Source: 10-K Annual Report | Page: 36 | Operating activities:: Cash generated by operating activities
apple_p36_t1,apple,36,15,Operating activities: |  |  |  |  |  |  |  | ,Company: Apple | Source: 10-K Annual Report | Page: 36 | Operating activities:: Investing activities:
apple_p36_t1,apple,36,16,Operating activities: |  |  |  |  |  |  |  | ,Company: Apple | Source: 10-K Annual Report | Page: 36 | Operating activities:: Purchases of marketable securities
apple_p36_t1,apple,36,17,Operating activities: |  |  |  |  |  |  |  | ,Company: Apple | Source: 10-K Annual Report | Page: 36 | Operating activities:: Proceeds from maturities of marketable securities
apple_p36_t1,apple,36,18,Operating activities: |  |  |  |  |  |  |  | ,Company: Apple | Source: 10-K Annual Report | Page: 36 | Operating activities:: Proceeds from sales of marketable securities
apple_p36_t1,apple,36,19,Operating activities: |  |  |  |  |  |  |  | ,"Company: Apple | Source: 10-K Annual Report | Page: 36 | Operating activities:: Payments for acquisition of property, plant and equipment"
apple_p36_t1,apple,36,20,Operating activities: |  |  |  |  |  |  |  | ,"Company: Apple | Source: 10-K Annual Report | Page: 36 | Operating activities:: Payments made in connection with business acquisitions, net"
apple_p36_t1,apple,36,21,Operating activities: |  |  |  |  |  |  |  | ,Company: Apple | Source: 10-K Annual Report | Page: 36 | Operating activities:: Other
apple_p36_t1,apple,36,22,Operating activities: |  |  |  |  |  |  |  | ,Company: Apple | Source: 10-K Annual Report | Page: 36 | Operating activities:: Cash used in investing activities
apple_p36_t1,apple,36,23,Operating activities: |  |  |  |  |  |  |  | ,Company: Apple | Source: 10-K Annual Report | Page: 36 | Operating activities:: Financing activities:
apple_p36_t1,apple,36,24,Operating activities: |  |  |  |  |  |  |  | ,Company: Apple | Source: 10-K Annual Report | Page: 36 | Operating activities:: Payments for taxes related to net share settlement of equity awards
apple_p36_t1,apple,36,25,Operating activities: |  |  |  |  |  |  |  | ,Company: Apple | Source: 10-K Annual Report | Page: 36 | Operating activities:: Payments for dividends and dividend equivalents
apple_p36_t1,apple,36,26,Operating activities: |  |  |  |  |  |  |  | ,Company: Apple | Source: 10-K Annual Report | Page: 36 | Operating activities:: Repurchases of common stock
apple_p36_t1,apple,36,27,Operating activities: |  |  |  |  |  |  |  | ,"Company: Apple | Source: 10-K Annual Report | Page: 36 | Operating activities:: Proceeds from issuance of term debt, net"
apple_p36_t1,apple,36,28,Operating activities: |  |  |  |  |  |  |  | ,Company: Apple | Source: 10-K Annual Report | Page: 36 | Operating activities:: Repayments of term debt
apple_p36_t1,apple,36,29,Operating activities: |  |  |  |  |  |  |  | ,"Company: Apple | Source: 10-K Annual Report | Page: 36 | Operating activities:: Proceeds from/(Repayments of) commercial paper, net"
apple_p36_t1,apple,36,30,Operating activities: |  |  |  |  |  |  |  | ,Company: Apple | Source: 10-K Annual Report | Page: 36 | Operating activities:: Other
apple_p36_t1,apple,36,31,Operating activities: |  |  |  |  |  |  |  | ,Company: Apple | Source: 10-K Annual Report | Page: 36 | Operating activities:: Cash used in financing activities
apple_p36_t1,apple,36,32,Operating activities: |  |  |  |  |  |  |  | ,"Company: Apple | Source: 10-K Annual Report | Page: 36 | Operating activities:: Decrease in cash, cash equivalents and restricted cash"
apple_p36_t1,apple,36,33,Operating activities: |  |  |  |  |  |  |  | ,"Company: Apple | Source: 10-K Annual Report | Page: 36 | Operating activities:: Cash, cash equivalents and restricted cash, ending balances"
apple_p36_t1,apple,36,34,Operating activities: |  |  |  |  |  |  |  | ,Company: Apple | Source: 10-K Annual Report | Page: 36 | Operating activities:: Supplemental cash flow disclosure:
apple_p36_t1,apple,36,35,Operating activities: |  |  |  |  |  |  |  | ,"Company: Apple | Source: 10-K Annual Report | Page: 36 | Operating activities:: Cash paid for income taxes, net"
apple_p36_t1,apple,36,36,Operating activities: |  |  |  |  |  |  |  | ,Company: Apple | Source: 10-K Annual Report | Page: 36 | Operating activities:: Cash paid for interest
apple_p38_t1,apple,38,0,"Net income | $ | 99,803 |  | $ | 94,680 |  | $ | 57,411",Company: Apple | Source: 10-K Annual Report | Page: 38 | Net income: Denominator:
apple_p38_t1,apple,38,1,"Net income | $ | 99,803 |  | $ | 94,680 |  | $ | 57,411","Company: Apple | Source: 10-K Annual Report | Page: 38 | Net income: Weighted-average basic shares outstanding | $: 16,215,963 | $: 16,701,272 | $: 17,352,119"
apple_p38_t1,apple,38,2,"Net income | $ | 99,803 |  | $ | 94,680 |  | $ | 57,411","Company: Apple | Source: 10-K Annual Report | Page: 38 | Net income: Effect of dilutive securities | $: 109,856 | $: 163,647 | $: 176,095"
apple_p38_t1,apple,38,3,"Net income | $ | 99,803 |  | $ | 94,680 |  | $ | 57,411","Company: Apple | Source: 10-K Annual Report | Page: 38 | Net income: Weighted-average diluted shares | $: 16,325,819 | $: 16,864,919 | $: 17,528,214"
apple_p38_t1,apple,38,4,"Net income | $ | 99,803 |  | $ | 94,680 |  | $ | 57,411","Company: Apple | Source: 10-K Annual Report | Page: 38 | Net income: Basic earnings per share | $: $ | 99,803: 6.15 | $: $ | 94,680: 5.67 | $: $ | 57,411: 3.31"
apple_p38_t1,apple,38,5,"Net income | $ | 99,803 |  | $ | 94,680 |  | $ | 57,411","Company: Apple | Source: 10-K Annual Report | Page: 38 | Net income: Diluted earnings per share | $: $ | 99,803: 6.11 | $: $ | 94,680: 5.61 | $: $ | 57,411: 3.28"
apple_p40_t1,apple,40,0,"Mac (1) | 40,177 |  |  | 35,190 |  |  | 28,622 | ","Company: Apple | Source: 10-K Annual Report | Page: 40 | Mac (1): iPad (1) | 40,177: 29,292 | 35,190: 31,862 | 28,622: 23,724"
apple_p40_t1,apple,40,1,"Mac (1) | 40,177 |  |  | 35,190 |  |  | 28,622 | ","Company: Apple | Source: 10-K Annual Report | Page: 40 | Mac (1): Wearables, Home and Accessories (1)(2) | 40,177: 41,241 | 35,190: 38,367 | 28,622: 30,620"
apple_p40_t1,apple,40,2,"Mac (1) | 40,177 |  |  | 35,190 |  |  | 28,622 | ","Company: Apple | Source: 10-K Annual Report | Page: 40 | Mac (1): Services (3) | 40,177: 78,129 | 35,190: 68,425 | 28,622: 53,768"
apple_p40_t1,apple,40,3,"Mac (1) | 40,177 |  |  | 35,190 |  |  | 28,622 | ","Company: Apple | Source: 10-K Annual Report | Page: 40 | Mac (1): Total net sales (4) | 40,177: $ | 35,190: $ | 28,622: $"
apple_p41_t1,apple,41,0,Level 1 (1): |  |  |  |  |  |  |  |  |  |  |  |  |  |  |  | ,Company: Apple | Source: 10-K Annual Report | Page: 41 | Level 1 (1):: Money market funds
apple_p41_t1,apple,41,1,Level 1 (1): |  |  |  |  |  |  |  |  |  |  |  |  |  |  |  | ,Company: Apple | Source: 10-K Annual Report | Page: 41 | Level 1 (1):: Mutual funds
apple_p41_t1,apple,41,2,Level 1 (1): |  |  |  |  |  |  |  |  |  |  |  |  |  |  |  | ,Company: Apple | Source: 10-K Annual Report | Page: 41 | Level 1 (1):: Subtotal
apple_p41_t1,apple,41,3,Level 1 (1): |  |  |  |  |  |  |  |  |  |  |  |  |  |  |  | ,Company: Apple | Source: 10-K Annual Report | Page: 41 | Level 1 (1):: Level 2 (2):
apple_p41_t1,apple,41,4,Level 1 (1): |  |  |  |  |  |  |  |  |  |  |  |  |  |  |  | ,Company: Apple | Source: 10-K Annual Report | Page: 41 | Level 1 (1):: U.S. Treasury securities
apple_p41_t1,apple,41,5,Level 1 (1): |  |  |  |  |  |  |  |  |  |  |  |  |  |  |  | ,Company: Apple | Source: 10-K Annual Report | Page: 41 | Level 1 (1):: U.S. agency securities
apple_p41_t1,apple,41,6,Level 1 (1): |  |  |  |  |  |  |  |  |  |  |  |  |  |  |  | ,Company: Apple | Source: 10-K Annual Report | Page: 41 | Level 1 (1):: Non-U.S. government securities
apple_p41_t1,apple,41,7,Level 1 (1): |  |  |  |  |  |  |  |  |  |  |  |  |  |  |  | ,Company: Apple | Source: 10-K Annual Report | Page: 41 | Level 1 (1):: Certificates of deposit and time deposits
apple_p41_t1,apple,41,8,Level 1 (1): |  |  |  |  |  |  |  |  |  |  |  |  |  |  |  | ,Company: Apple | Source: 10-K Annual Report | Page: 41 | Level 1 (1):: Commercial paper
apple_p41_t1,apple,41,9,Level 1 (1): |  |  |  |  |  |  |  |  |  |  |  |  |  |  |  | ,Company: Apple | Source: 10-K Annual Report | Page: 41 | Level 1 (1):: Corporate debt securities
apple_p41_t1,apple,41,10,Level 1 (1): |  |  |  |  |  |  |  |  |  |  |  |  |  |  |  | ,Company: Apple | Source: 10-K Annual Report | Page: 41 | Level 1 (1):: Municipal securities
apple_p41_t1,apple,41,11,Level 1 (1): |  |  |  |  |  |  |  |  |  |  |  |  |  |  |  | ,Company: Apple | Source: 10-K Annual Report | Page: 41 | Level 1 (1):: Mortgage- and asset-backed securities
apple_p41_t1,apple,41,12,Level 1 (1): |  |  |  |  |  |  |  |  |  |  |  |  |  |  |  | ,Company: Apple | Source: 10-K Annual Report | Page: 41 | Level 1 (1):: Subtotal
apple_p41_t1,apple,41,13,Level 1 (1): |  |  |  |  |  |  |  |  |  |  |  |  |  |  |  | ,Company: Apple | Source: 10-K Annual Report | Page: 41 | Level 1 (1):: Total (3)
apple_p41_t2,apple,41,0,Level 1 (1): |  |  |  |  |  |  |  |  |  |  |  |  |  |  |  | ,Company: Apple | Source: 10-K Annual Report | Page: 41 | Level 1 (1):: Money market funds
apple_p41_t2,apple,41,1,Level 1 (1): |  |  |  |  |  |  |  |  |  |  |  |  |  |  |  | ,Company: Apple | Source: 10-K Annual Report | Page: 41 | Level 1 (1):: Mutual funds
apple_p41_t2,apple,41,2,Level 1 (1): |  |  |  |  |  |  |  |  |  |  |  |  |  |  |  | ,Company: Apple | Source: 10-K Annual Report | Page: 41 | Level 1 (1):: Subtotal
apple_p41_t2,apple,41,3,Level 1 (1): |  |  |  |  |  |  |  |  |  |  |  |  |  |  |  | ,Company: Apple | Source: 10-K Annual Report | Page: 41 | Level 1 (1):: Level 2 (2):
apple_p41_t2,apple,41,4,Level 1 (1): |  |  |  |  |  |  |  |  |  |  |  |  |  |  |  | ,Company: Apple | Source: 10-K Annual Report | Page: 41 | Level 1 (1):: Equity securities
apple_p41_t2,apple,41,5,Level 1 (1): |  |  |  |  |  |  |  |  |  |  |  |  |  |  |  | ,Company: Apple | Source: 10-K Annual Report | Page: 41 | Level 1 (1):: U.S. Treasury securities
apple_p41_t2,apple,41,6,Level 1 (1): |  |  |  |  |  |  |  |  |  |  |  |  |  |  |  | ,Company: Apple | Source: 10-K Annual Report | Page: 41 | Level 1 (1):: U.S. agency securities
apple_p41_t2,apple,41,7,Level 1 (1): |  |  |  |  |  |  |  |  |  |  |  |  |  |  |  | ,Company: Apple | Source: 10-K Annual Report | Page: 41 | Level 1 (1):: Non-U.S. government securities
apple_p41_t2,apple,41,8,Level 1 (1): |  |  |  |  |  |  |  |  |  |  |  |  |  |  |  | ,Company: Apple | Source: 10-K Annual Report | Page: 41 | Level 1 (1):: Certificates of deposit and time deposits
apple_p41_t2,apple,41,9,Level 1 (1): |  |  |  |  |  |  |  |  |  |  |  |  |  |  |  | ,Company: Apple | Source: 10-K Annual Report | Page: 41 | Level 1 (1):: Commercial paper
apple_p41_t2,apple,41,10,Level 1 (1): |  |  |  |  |  |  |  |  |  |  |  |  |  |  |  | ,Company: Apple | Source: 10-K Annual Report | Page: 41 | Level 1 (1):: Corporate debt securities
apple_p41_t2,apple,41,11,Level 1 (1): |  |  |  |  |  |  |  |  |  |  |  |  |  |  |  | ,Company: Apple | Source: 10-K Annual Report | Page: 41 | Level 1 (1):: Municipal securities
apple_p41_t2,apple,41,12,Level 1 (1): |  |  |  |  |  |  |  |  |  |  |  |  |  |  |  | ,Company: Apple | Source: 10-K Annual Report | Page: 41 | Level 1 (1):: Mortgage- and asset-backed securities
apple_p41_t2,apple,41,13,Level 1 (1): |  |  |  |  |  |  |  |  |  |  |  |  |  |  |  | ,Company: Apple | Source: 10-K Annual Report | Page: 41 | Level 1 (1):: Subtotal
apple_p41_t2,apple,41,14,Level 1 (1): |  |  |  |  |  |  |  |  |  |  |  |  |  |  |  | ,Company: Apple | Source: 10-K Annual Report | Page: 41 | Level 1 (1):: Total (3)
apple_p42_t1,apple,42,0,"Due after 5 years through 10 years | 16,429 | ","Company: Apple | Source: 10-K Annual Report | Page: 42 | Due after 5 years through 10 years: Due after 10 years | 16,429: 17,345"
apple_p42_t1,apple,42,1,"Due after 5 years through 10 years | 16,429 | ","Company: Apple | Source: 10-K Annual Report | Page: 42 | Due after 5 years through 10 years: Total fair value | 16,429: $"
apple_p42_t2,apple,42,0,"Foreign exchange contracts | $ | 102,670 |  | $ | 76,475","Company: Apple | Source: 10-K Annual Report | Page: 42 | Foreign exchange contracts: Interest rate contracts | $: $ | 102,670: 20,125 | $: $ | 76,475: 16,875"
apple_p42_t2,apple,42,1,"Foreign exchange contracts | $ | 102,670 |  | $ | 76,475",Company: Apple | Source: 10-K Annual Report | Page: 42 | Foreign exchange contracts: Derivative instruments not designated as accounting hedges:
apple_p42_t2,apple,42,2,"Foreign exchange contracts | $ | 102,670 |  | $ | 76,475","Company: Apple | Source: 10-K Annual Report | Page: 42 | Foreign exchange contracts: Foreign exchange contracts | $: $ | 102,670: 185,381 | $: $ | 76,475: 126,918"
apple_p43_t1,apple,43,0,"Foreign exchange contracts | $ | 4,317 |  | $ | 2,819 | $ | 7,136",Company: Apple | Source: 10-K Annual Report | Page: 43 | Foreign exchange contracts: Derivative liabilities (2):
apple_p43_t1,apple,43,1,"Foreign exchange contracts | $ | 4,317 |  | $ | 2,819 | $ | 7,136","Company: Apple | Source: 10-K Annual Report | Page: 43 | Foreign exchange contracts: Foreign exchange contracts | $: $ | 4,317: 2,205 | $: $ | 2,819: 2,547 | $: $ | 7,136: 4,752"
apple_p43_t1,apple,43,2,"Foreign exchange contracts | $ | 4,317 |  | $ | 2,819 | $ | 7,136","Company: Apple | Source: 10-K Annual Report | Page: 43 | Foreign exchange contracts: Interest rate contracts | $: $ | 4,317: 1,367 | $: $ | 2,819: — | $: $ | 7,136: 1,367"
apple_p43_t2,apple,43,0,"Current and non-current marketable securities | $ | 13,378 | $ | 15,954","Company: Apple | Source: 10-K Annual Report | Page: 43 | Current and non-current marketable securities: Current and non-current term debt | $: $ | 13,378: (18,739) | $: $ | 15,954: (17,857)"
apple_p44_t1,apple,44,0,"Machinery, equipment and internal-use software | 81,060 |  |  | 78,659 | ","Company: Apple | Source: 10-K Annual Report | Page: 44 | Machinery, equipment and internal-use software: Leasehold improvements | 81,060: 11,271 | 78,659: 11,023"
apple_p44_t1,apple,44,1,"Machinery, equipment and internal-use software | 81,060 |  |  | 78,659 | ","Company: Apple | Source: 10-K Annual Report | Page: 44 | Machinery, equipment and internal-use software: Gross property, plant and equipment | 81,060: 114,457 | 78,659: 109,723"
apple_p44_t1,apple,44,2,"Machinery, equipment and internal-use software | 81,060 |  |  | 78,659 | ","Company: Apple | Source: 10-K Annual Report | Page: 44 | Machinery, equipment and internal-use software: Accumulated depreciation and amortization | 81,060: (72,340) | 78,659: (70,283)"
apple_p44_t1,apple,44,3,"Machinery, equipment and internal-use software | 81,060 |  |  | 78,659 | ","Company: Apple | Source: 10-K Annual Report | Page: 44 | Machinery, equipment and internal-use software: Total property, plant and equipment, net | 81,060: $ | 78,659: $"
apple_p44_t2,apple,44,0,"Other non-current liabilities | 32,485 |  |  | 28,636 | ","Company: Apple | Source: 10-K Annual Report | Page: 44 | Other non-current liabilities: Total other non-current liabilities | 32,485: $ | 28,636: $"
apple_p44_t3,apple,44,0,"Interest expense | (2,931) |  |  | (2,645) |  |  | (2,873) | ","Company: Apple | Source: 10-K Annual Report | Page: 44 | Interest expense: Other income/(expense), net | (2,931): (228) | (2,645): 60 | (2,873): (87)"
apple_p44_t3,apple,44,1,"Interest expense | (2,931) |  |  | (2,645) |  |  | (2,873) | ","Company: Apple | Source: 10-K Annual Report | Page: 44 | Interest expense: Total other income/(expense), net | (2,931): $ | (2,645): $ | (2,873): $"
apple_p44_t4,apple,44,0,"Current | $ | 7,890 |  | $ | 8,257 |  | $ | 6,306","Company: Apple | Source: 10-K Annual Report | Page: 44 | Current: Deferred | $: (2,265) | $: (7,176) | $: (3,619)"
apple_p44_t4,apple,44,1,"Current | $ | 7,890 |  | $ | 8,257 |  | $ | 6,306","Company: Apple | Source: 10-K Annual Report | Page: 44 | Current: Total | $: 5,625 | $: 1,081 | $: 2,687"
apple_p44_t4,apple,44,2,"Current | $ | 7,890 |  | $ | 8,257 |  | $ | 6,306",Company: Apple | Source: 10-K Annual Report | Page: 44 | Current: State:
apple_p44_t4,apple,44,3,"Current | $ | 7,890 |  | $ | 8,257 |  | $ | 6,306","Company: Apple | Source: 10-K Annual Report | Page: 44 | Current: Current | $: 1,519 | $: 1,620 | $: 455"
apple_p44_t4,apple,44,4,"Current | $ | 7,890 |  | $ | 8,257 |  | $ | 6,306",Company: Apple | Source: 10-K Annual Report | Page: 44 | Current: Deferred | $: 84 | $: (338) | $: 21
apple_p44_t4,apple,44,5,"Current | $ | 7,890 |  | $ | 8,257 |  | $ | 6,306","Company: Apple | Source: 10-K Annual Report | Page: 44 | Current: Total | $: 1,603 | $: 1,282 | $: 476"
apple_p44_t4,apple,44,6,"Current | $ | 7,890 |  | $ | 8,257 |  | $ | 6,306",Company: Apple | Source: 10-K Annual Report | Page: 44 | Current: Foreign:
apple_p44_t4,apple,44,7,"Current | $ | 7,890 |  | $ | 8,257 |  | $ | 6,306","Company: Apple | Source: 10-K Annual Report | Page: 44 | Current: Current | $: 8,996 | $: 9,424 | $: 3,134"
apple_p44_t4,apple,44,8,"Current | $ | 7,890 |  | $ | 8,257 |  | $ | 6,306","Company: Apple | Source: 10-K Annual Report | Page: 44 | Current: Deferred | $: 3,076 | $: 2,740 | $: 3,383"
apple_p44_t4,apple,44,9,"Current | $ | 7,890 |  | $ | 8,257 |  | $ | 6,306","Company: Apple | Source: 10-K Annual Report | Page: 44 | Current: Total | $: 12,072 | $: 12,164 | $: 6,517"
apple_p44_t4,apple,44,10,"Current | $ | 7,890 |  | $ | 8,257 |  | $ | 6,306","Company: Apple | Source: 10-K Annual Report | Page: 44 | Current: Provision for income taxes | $: $ | 7,890: 19,300 | $: $ | 8,257: 14,527 | $: $ | 6,306: 9,680"
apple_p45_t1,apple,45,0,"State taxes, net of federal effect | 1,518 |  |  |  | 1,151 |  |  |  | 423 |  | ","Company: Apple | Source: 10-K Annual Report | Page: 45 | State taxes, net of federal effect: Impacts of the Act | 1,518: 542 | 1,151: — | 423: (582)"
apple_p45_t1,apple,45,1,"State taxes, net of federal effect | 1,518 |  |  |  | 1,151 |  |  |  | 423 |  | ","Company: Apple | Source: 10-K Annual Report | Page: 45 | State taxes, net of federal effect: Earnings of foreign subsidiaries | 1,518: (4,366) | 1,151: (4,715) | 423: (2,534)"
apple_p45_t1,apple,45,2,"State taxes, net of federal effect | 1,518 |  |  |  | 1,151 |  |  |  | 423 |  | ","Company: Apple | Source: 10-K Annual Report | Page: 45 | State taxes, net of federal effect: Foreign-derived intangible income deduction | 1,518: (296) | 1,151: (1,372) | 423: (169)"
apple_p45_t1,apple,45,3,"State taxes, net of federal effect | 1,518 |  |  |  | 1,151 |  |  |  | 423 |  | ","Company: Apple | Source: 10-K Annual Report | Page: 45 | State taxes, net of federal effect: Research and development credit, net | 1,518: (1,153) | 1,151: (1,033) | 423: (728)"
apple_p45_t1,apple,45,4,"State taxes, net of federal effect | 1,518 |  |  |  | 1,151 |  |  |  | 423 |  | ","Company: Apple | Source: 10-K Annual Report | Page: 45 | State taxes, net of federal effect: Excess tax benefits from equity awards | 1,518: (1,871) | 1,151: (2,137) | 423: (930)"
apple_p45_t1,apple,45,5,"State taxes, net of federal effect | 1,518 |  |  |  | 1,151 |  |  |  | 423 |  | ","Company: Apple | Source: 10-K Annual Report | Page: 45 | State taxes, net of federal effect: Other | 1,518: (86) | 1,151: (300) | 423: 111"
apple_p45_t1,apple,45,6,"State taxes, net of federal effect | 1,518 |  |  |  | 1,151 |  |  |  | 423 |  | ","Company: Apple | Source: 10-K Annual Report | Page: 45 | State taxes, net of federal effect: Provision for income taxes | 1,518: $ | 1,151: $ | 423: $"
apple_p45_t1,apple,45,7,"State taxes, net of federal effect | 1,518 |  |  |  | 1,151 |  |  |  | 423 |  | ","Company: Apple | Source: 10-K Annual Report | Page: 45 | State taxes, net of federal effect: Effective tax rate | 1,518: 16.2 | 1,151: 13.3 | 423: 14.4"
apple_p45_t2,apple,45,0,"Amortization and depreciation | $ | 1,496 |  | $ | 5,575","Company: Apple | Source: 10-K Annual Report | Page: 45 | Amortization and depreciation: Accrued liabilities and other reserves | $: 6,515 | $: 5,895"
apple_p45_t2,apple,45,1,"Amortization and depreciation | $ | 1,496 |  | $ | 5,575","Company: Apple | Source: 10-K Annual Report | Page: 45 | Amortization and depreciation: Lease liabilities | $: 2,400 | $: 2,406"
apple_p45_t2,apple,45,2,"Amortization and depreciation | $ | 1,496 |  | $ | 5,575","Company: Apple | Source: 10-K Annual Report | Page: 45 | Amortization and depreciation: Deferred revenue | $: 5,742 | $: 5,399"
apple_p45_t2,apple,45,3,"Amortization and depreciation | $ | 1,496 |  | $ | 5,575","Company: Apple | Source: 10-K Annual Report | Page: 45 | Amortization and depreciation: Unrealized losses | $: 2,913 | $: 53"
apple_p45_t2,apple,45,4,"Amortization and depreciation | $ | 1,496 |  | $ | 5,575","Company: Apple | Source: 10-K Annual Report | Page: 45 | Amortization and depreciation: Tax credit carryforwards | $: 6,962 | $: 4,262"
apple_p45_t2,apple,45,5,"Amortization and depreciation | $ | 1,496 |  | $ | 5,575","Company: Apple | Source: 10-K Annual Report | Page: 45 | Amortization and depreciation: Other | $: 1,596 | $: 1,639"
apple_p45_t2,apple,45,6,"Amortization and depreciation | $ | 1,496 |  | $ | 5,575","Company: Apple | Source: 10-K Annual Report | Page: 45 | Amortization and depreciation: Total deferred tax assets | $: 27,624 | $: 25,229"
apple_p45_t2,apple,45,7,"Amortization and depreciation | $ | 1,496 |  | $ | 5,575","Company: Apple | Source: 10-K Annual Report | Page: 45 | Amortization and depreciation: Less: Valuation allowance | $: (7,530) | $: (4,903)"
apple_p45_t2,apple,45,8,"Amortization and depreciation | $ | 1,496 |  | $ | 5,575","Company: Apple | Source: 10-K Annual Report | Page: 45 | Amortization and depreciation: Total deferred tax assets, net | $: 20,094 | $: 20,326"
apple_p45_t2,apple,45,9,"Amortization and depreciation | $ | 1,496 |  | $ | 5,575",Company: Apple | Source: 10-K Annual Report | Page: 45 | Amortization and depreciation: Deferred tax liabilities:
apple_p45_t2,apple,45,10,"Amortization and depreciation | $ | 1,496 |  | $ | 5,575","Company: Apple | Source: 10-K Annual Report | Page: 45 | Amortization and depreciation: Minimum tax on foreign earnings | $: 1,983 | $: 4,318"
apple_p45_t2,apple,45,11,"Amortization and depreciation | $ | 1,496 |  | $ | 5,575","Company: Apple | Source: 10-K Annual Report | Page: 45 | Amortization and depreciation: Right-of-use assets | $: 2,163 | $: 2,167"
apple_p45_t2,apple,45,12,"Amortization and depreciation | $ | 1,496 |  | $ | 5,575",Company: Apple | Source: 10-K Annual Report | Page: 45 | Amortization and depreciation: Unrealized gains | $: 942 | $: 203
apple_p45_t2,apple,45,13,"Amortization and depreciation | $ | 1,496 |  | $ | 5,575",Company: Apple | Source: 10-K Annual Report | Page: 45 | Amortization and depreciation: Other | $: 469 | $: 565
apple_p45_t2,apple,45,14,"Amortization and depreciation | $ | 1,496 |  | $ | 5,575","Company: Apple | Source: 10-K Annual Report | Page: 45 | Amortization and depreciation: Total deferred tax liabilities | $: 5,557 | $: 7,253"
apple_p45_t2,apple,45,15,"Amortization and depreciation | $ | 1,496 |  | $ | 5,575","Company: Apple | Source: 10-K Annual Report | Page: 45 | Amortization and depreciation: Net deferred tax assets | $: $ | 1,496: 14,537 | $: $ | 5,575: 13,073"
apple_p46_t1,apple,46,0,"Increases related to tax positions taken during a prior year | 2,284 |  |  | 816 |  |  | 454 | ","Company: Apple | Source: 10-K Annual Report | Page: 46 | Increases related to tax positions taken during a prior year: Decreases related to tax positions taken during a prior year | 2,284: (1,982) | 816: (1,402) | 454: (791)"
apple_p46_t1,apple,46,1,"Increases related to tax positions taken during a prior year | 2,284 |  |  | 816 |  |  | 454 | ","Company: Apple | Source: 10-K Annual Report | Page: 46 | Increases related to tax positions taken during a prior year: Increases related to tax positions taken during the current year | 2,284: 1,936 | 816: 1,607 | 454: 1,347"
apple_p46_t1,apple,46,2,"Increases related to tax positions taken during a prior year | 2,284 |  |  | 816 |  |  | 454 | ","Company: Apple | Source: 10-K Annual Report | Page: 46 | Increases related to tax positions taken during a prior year: Decreases related to settlements with taxing authorities | 2,284: (28) | 816: (1,838) | 454: (85)"
apple_p46_t1,apple,46,3,"Increases related to tax positions taken during a prior year | 2,284 |  |  | 816 |  |  | 454 | ","Company: Apple | Source: 10-K Annual Report | Page: 46 | Increases related to tax positions taken during a prior year: Decreases related to expiration of the statute of limitations | 2,284: (929) | 816: (181) | 454: (69)"
apple_p46_t1,apple,46,4,"Increases related to tax positions taken during a prior year | 2,284 |  |  | 816 |  |  | 454 | ","Company: Apple | Source: 10-K Annual Report | Page: 46 | Increases related to tax positions taken during a prior year: Ending balances | 2,284: $ | 816: $ | 454: $"
apple_p47_t1,apple,47,0,"Operating leases |  | Other non-current assets |  | $ | 10,417 | $ | 10,087","Company: Apple | Source: 10-K Annual Report | Page: 47 | Operating leases: Finance leases | Other non-current assets: Property, plant and equipment, net | $: 952 | $: 861"
apple_p47_t1,apple,47,1,"Operating leases |  | Other non-current assets |  | $ | 10,417 | $ | 10,087","Company: Apple | Source: 10-K Annual Report | Page: 47 | Operating leases: Total right-of-use assets | $: $ | 10,417: 11,369 | $: $ | 10,087: 10,948"
apple_p47_t1,apple,47,2,"Operating leases |  | Other non-current assets |  | $ | 10,417 | $ | 10,087",Company: Apple | Source: 10-K Annual Report | Page: 47 | Operating leases: Lease liabilities:
apple_p47_t1,apple,47,3,"Operating leases |  | Other non-current assets |  | $ | 10,417 | $ | 10,087","Company: Apple | Source: 10-K Annual Report | Page: 47 | Operating leases: Operating leases | Other non-current assets: Other current liabilities | $: $ | 10,417: 1,534 | $: $ | 10,087: 1,449"
apple_p47_t1,apple,47,4,"Operating leases |  | Other non-current assets |  | $ | 10,417 | $ | 10,087","Company: Apple | Source: 10-K Annual Report | Page: 47 | Other non-current assets: Other non-current liabilities | $: 9,936 | $: 9,506"
apple_p47_t1,apple,47,5,"Operating leases |  | Other non-current assets |  | $ | 10,417 | $ | 10,087",Company: Apple | Source: 10-K Annual Report | Page: 47 | Operating leases: Finance leases | Other non-current assets: Other current liabilities | $: 129 | $: 79
apple_p47_t1,apple,47,6,"Operating leases |  | Other non-current assets |  | $ | 10,417 | $ | 10,087",Company: Apple | Source: 10-K Annual Report | Page: 47 | Other non-current assets: Other non-current liabilities | $: 812 | $: 769
apple_p47_t1,apple,47,7,"Operating leases |  | Other non-current assets |  | $ | 10,417 | $ | 10,087","Company: Apple | Source: 10-K Annual Report | Page: 47 | Operating leases: Total lease liabilities | $: $ | 10,417: 12,411 | $: $ | 10,087: 11,803"
apple_p47_t2,apple,47,0,"2024 | 1,742 |  |  | 130 |  |  | 1,872 | ","Company: Apple | Source: 10-K Annual Report | Page: 47 | 2024: 2025 | 1,742: 1,677 | 130: 81 | 1,872: 1,758"
apple_p47_t2,apple,47,1,"2024 | 1,742 |  |  | 130 |  |  | 1,872 | ","Company: Apple | Source: 10-K Annual Report | Page: 47 | 2024: 2026 | 1,742: 1,382 | 130: 48 | 1,872: 1,430"
apple_p47_t2,apple,47,2,"2024 | 1,742 |  |  | 130 |  |  | 1,872 | ","Company: Apple | Source: 10-K Annual Report | Page: 47 | 2024: 2027 | 1,742: 1,143 | 130: 34 | 1,872: 1,177"
apple_p47_t2,apple,47,3,"2024 | 1,742 |  |  | 130 |  |  | 1,872 | ","Company: Apple | Source: 10-K Annual Report | Page: 47 | 2024: Thereafter | 1,742: 5,080 | 130: 906 | 1,872: 5,986"
apple_p47_t2,apple,47,4,"2024 | 1,742 |  |  | 130 |  |  | 1,872 | ","Company: Apple | Source: 10-K Annual Report | Page: 47 | 2024: Total undiscounted liabilities | 1,742: 12,782 | 130: 1,354 | 1,872: 14,136"
apple_p47_t2,apple,47,5,"2024 | 1,742 |  |  | 130 |  |  | 1,872 | ","Company: Apple | Source: 10-K Annual Report | Page: 47 | 2024: Less: Imputed interest | 1,742: (1,312) | 130: (413) | 1,872: (1,725)"
apple_p47_t2,apple,47,6,"2024 | 1,742 |  |  | 130 |  |  | 1,872 | ","Company: Apple | Source: 10-K Annual Report | Page: 47 | 2024: Total lease liabilities | 1,742: $ | 130: $ | 1,872: $"
apple_p48_t1,apple,48,0,"Proceeds from/(Repayments of) commercial paper, net | $ | 5,264 |  | $ | (357) |  | $ | 100","Company: Apple | Source: 10-K Annual Report | Page: 48 | Proceeds from/(Repayments of) commercial paper, net: Maturities greater than 90 days:"
apple_p48_t1,apple,48,1,"Proceeds from/(Repayments of) commercial paper, net | $ | 5,264 |  | $ | (357) |  | $ | 100","Company: Apple | Source: 10-K Annual Report | Page: 48 | Proceeds from/(Repayments of) commercial paper, net: Proceeds from commercial paper | $: 5,948 | $: 7,946 | $: 6,185"
apple_p48_t1,apple,48,2,"Proceeds from/(Repayments of) commercial paper, net | $ | 5,264 |  | $ | (357) |  | $ | 100","Company: Apple | Source: 10-K Annual Report | Page: 48 | Proceeds from/(Repayments of) commercial paper, net: Repayments of commercial paper | $: (7,257) | $: (6,567) | $: (7,248)"
apple_p48_t1,apple,48,3,"Proceeds from/(Repayments of) commercial paper, net | $ | 5,264 |  | $ | (357) |  | $ | 100","Company: Apple | Source: 10-K Annual Report | Page: 48 | Proceeds from/(Repayments of) commercial paper, net: Proceeds from/(Repayments of) commercial paper, net | $: (1,309) | $: 1,379 | $: (1,063)"
apple_p48_t1,apple,48,4,"Proceeds from/(Repayments of) commercial paper, net | $ | 5,264 |  | $ | (357) |  | $ | 100","Company: Apple | Source: 10-K Annual Report | Page: 48 | Proceeds from/(Repayments of) commercial paper, net: Total proceeds from/(repayments of) commercial paper, net | $: $ | 5,264: 3,955 | $: $ | (357): 1,022 | $: $ | 100: (963)"
apple_p48_t2,apple,48,0,"Floating-rate notes |  |  | $ | — |  |  |  | $ | 1,750 |  | 0.48% – 0.63%","Company: Apple | Source: 10-K Annual Report | Page: 48 | Floating-rate notes: Fixed-rate 0.000% – 4.650% notes | $: 106,324 | $: 116,313 | 0.48% – 0.63%: 0.03% – 4.78%"
apple_p48_t2,apple,48,1,"Floating-rate notes |  |  | $ | — |  |  |  | $ | 1,750 |  | 0.48% – 0.63%",Company: Apple | Source: 10-K Annual Report | Page: 48 | Floating-rate notes: Fourth quarter 2022 debt issuance:
apple_p48_t2,apple,48,2,"Floating-rate notes |  |  | $ | — |  |  |  | $ | 1,750 |  | 0.48% – 0.63%","Company: Apple | Source: 10-K Annual Report | Page: 48 | Floating-rate notes: Fixed-rate 3.250% – 4.100% notes | $: 5,500 | $: —"
apple_p48_t2,apple,48,3,"Floating-rate notes |  |  | $ | — |  |  |  | $ | 1,750 |  | 0.48% – 0.63%","Company: Apple | Source: 10-K Annual Report | Page: 48 | Floating-rate notes: Total term debt | $: 111,824 | $: 118,063"
apple_p48_t2,apple,48,4,"Floating-rate notes |  |  | $ | — |  |  |  | $ | 1,750 |  | 0.48% – 0.63%","Company: Apple | Source: 10-K Annual Report | Page: 48 | Floating-rate notes: Unamortized premium/(discount) and issuance costs, net | $: (374) | $: (380)"
apple_p48_t2,apple,48,5,"Floating-rate notes |  |  | $ | — |  |  |  | $ | 1,750 |  | 0.48% – 0.63%","Company: Apple | Source: 10-K Annual Report | Page: 48 | Floating-rate notes: Hedge accounting fair value adjustments | $: (1,363) | $: 1,036"
apple_p48_t2,apple,48,6,"Floating-rate notes |  |  | $ | — |  |  |  | $ | 1,750 |  | 0.48% – 0.63%","Company: Apple | Source: 10-K Annual Report | Page: 48 | Floating-rate notes: Less: Current portion of term debt | $: (11,128) | $: (9,613)"
apple_p48_t2,apple,48,7,"Floating-rate notes |  |  | $ | — |  |  |  | $ | 1,750 |  | 0.48% – 0.63%","Company: Apple | Source: 10-K Annual Report | Page: 48 | Floating-rate notes: Total non-current portion of term debt | $: $ | —: 98,959 | $: $ | 1,750: 109,106"
apple_p49_t1,apple,49,0," | $ | 11,139","Company: Apple | Source: 10-K Annual Report | Page: 49 | $: 9,910"
apple_p49_t1,apple,49,1," | $ | 11,139","Company: Apple | Source: 10-K Annual Report | Page: 49 | $: 10,645"
apple_p49_t1,apple,49,2," | $ | 11,139","Company: Apple | Source: 10-K Annual Report | Page: 49 | $: 11,209"
apple_p49_t1,apple,49,3," | $ | 11,139","Company: Apple | Source: 10-K Annual Report | Page: 49 | $: 9,631"
apple_p49_t1,apple,49,4," | $ | 11,139","Company: Apple | Source: 10-K Annual Report | Page: 49 | $: 59,290"
apple_p49_t1,apple,49,5," | $ | 11,139","Company: Apple | Source: 10-K Annual Report | Page: 49 | $: $ | 11,139: 111,824"
apple_p49_t2,apple,49,0,"Common stock repurchased | (568,589) |  | (656,340) |  | (917,270)","Company: Apple | Source: 10-K Annual Report | Page: 49 | Common stock repurchased: Common stock issued, net of shares withheld for employee taxes | (568,589): 85,228 | (656,340): 106,363 | (917,270): 121,088"
apple_p49_t2,apple,49,1,"Common stock repurchased | (568,589) |  | (656,340) |  | (917,270)","Company: Apple | Source: 10-K Annual Report | Page: 49 | Common stock repurchased: Common stock outstanding, ending balances | (568,589): 15,943,425 | (656,340): 16,426,786 | (917,270): 16,976,763"
apple_p50_t1,apple,50,0,"RSUs granted | 156,800 |  | $ | 59.20 |  |  | ","Company: Apple | Source: 10-K Annual Report | Page: 50 | RSUs granted: RSUs vested | 156,800: (157,743) | $: $ | 59.20: 40.29"
apple_p50_t1,apple,50,1,"RSUs granted | 156,800 |  | $ | 59.20 |  |  | ","Company: Apple | Source: 10-K Annual Report | Page: 50 | RSUs granted: RSUs canceled | 156,800: (14,347) | $: $ | 59.20: 48.07"
apple_p50_t1,apple,50,2,"RSUs granted | 156,800 |  | $ | 59.20 |  |  | ","Company: Apple | Source: 10-K Annual Report | Page: 50 | RSUs granted: Balance as of September 26, 2020 | 156,800: 310,778 | $: $ | 59.20: 51.58"
apple_p50_t1,apple,50,3,"RSUs granted | 156,800 |  | $ | 59.20 |  |  | ","Company: Apple | Source: 10-K Annual Report | Page: 50 | RSUs granted: RSUs granted | 156,800: 89,363 | $: $ | 59.20: 116.33"
apple_p50_t1,apple,50,4,"RSUs granted | 156,800 |  | $ | 59.20 |  |  | ","Company: Apple | Source: 10-K Annual Report | Page: 50 | RSUs granted: RSUs vested | 156,800: (145,766) | $: $ | 59.20: 50.71"
apple_p50_t1,apple,50,5,"RSUs granted | 156,800 |  | $ | 59.20 |  |  | ","Company: Apple | Source: 10-K Annual Report | Page: 50 | RSUs granted: RSUs canceled | 156,800: (13,948) | $: $ | 59.20: 68.95"
apple_p50_t1,apple,50,6,"RSUs granted | 156,800 |  | $ | 59.20 |  |  | ","Company: Apple | Source: 10-K Annual Report | Page: 50 | RSUs granted: Balance as of September 25, 2021 | 156,800: 240,427 | $: $ | 59.20: 75.16"
apple_p50_t1,apple,50,7,"RSUs granted | 156,800 |  | $ | 59.20 |  |  | ","Company: Apple | Source: 10-K Annual Report | Page: 50 | RSUs granted: RSUs granted | 156,800: 91,674 | $: $ | 59.20: 150.70"
apple_p50_t1,apple,50,8,"RSUs granted | 156,800 |  | $ | 59.20 |  |  | ","Company: Apple | Source: 10-K Annual Report | Page: 50 | RSUs granted: RSUs vested | 156,800: (115,861) | $: $ | 59.20: 72.12"
apple_p50_t1,apple,50,9,"RSUs granted | 156,800 |  | $ | 59.20 |  |  | ","Company: Apple | Source: 10-K Annual Report | Page: 50 | RSUs granted: RSUs canceled | 156,800: (14,739) | $: $ | 59.20: 99.77"
apple_p50_t1,apple,50,10,"RSUs granted | 156,800 |  | $ | 59.20 |  |  | ","Company: Apple | Source: 10-K Annual Report | Page: 50 | RSUs granted: Balance as of September 24, 2022 | 156,800: 201,501 | $: $ | 59.20: 109.48"
apple_p51_t2,apple,51,0,"2024 | 4,876 | ","Company: Apple | Source: 10-K Annual Report | Page: 51 | 2024: 2025 | 4,876: 1,418"
apple_p51_t2,apple,51,1,"2024 | 4,876 | ","Company: Apple | Source: 10-K Annual Report | Page: 51 | 2024: 2026 | 4,876: 6,780"
apple_p51_t2,apple,51,2,"2024 | 4,876 | ","Company: Apple | Source: 10-K Annual Report | Page: 51 | 2024: 2027 | 4,876: 312"
apple_p51_t2,apple,51,3,"2024 | 4,876 | ","Company: Apple | Source: 10-K Annual Report | Page: 51 | 2024: Thereafter | 4,876: 412"
apple_p51_t2,apple,51,4,"2024 | 4,876 | ","Company: Apple | Source: 10-K Annual Report | Page: 51 | 2024: Total | 4,876: $"
apple_p52_t1,apple,52,0,"Net sales | $ | 169,658 |  | $ | 153,306 |  | $ | 124,556","Company: Apple | Source: 10-K Annual Report | Page: 52 | Net sales: Operating income | $: $ | 169,658: 62,683 | $: $ | 153,306: 53,382 | $: $ | 124,556: 37,722"
apple_p52_t1,apple,52,1,"Net sales | $ | 169,658 |  | $ | 153,306 |  | $ | 124,556",Company: Apple | Source: 10-K Annual Report | Page: 52 | Net sales: Europe:
apple_p52_t1,apple,52,2,"Net sales | $ | 169,658 |  | $ | 153,306 |  | $ | 124,556","Company: Apple | Source: 10-K Annual Report | Page: 52 | Net sales: Net sales | $: $ | 169,658: 95,118 | $: $ | 153,306: 89,307 | $: $ | 124,556: 68,640"
apple_p52_t1,apple,52,3,"Net sales | $ | 169,658 |  | $ | 153,306 |  | $ | 124,556","Company: Apple | Source: 10-K Annual Report | Page: 52 | Net sales: Operating income | $: $ | 169,658: 35,233 | $: $ | 153,306: 32,505 | $: $ | 124,556: 22,170"
apple_p52_t1,apple,52,4,"Net sales | $ | 169,658 |  | $ | 153,306 |  | $ | 124,556",Company: Apple | Source: 10-K Annual Report | Page: 52 | Net sales: Greater China:
apple_p52_t1,apple,52,5,"Net sales | $ | 169,658 |  | $ | 153,306 |  | $ | 124,556","Company: Apple | Source: 10-K Annual Report | Page: 52 | Net sales: Net sales | $: $ | 169,658: 74,200 | $: $ | 153,306: 68,366 | $: $ | 124,556: 40,308"
apple_p52_t1,apple,52,6,"Net sales | $ | 169,658 |  | $ | 153,306 |  | $ | 124,556","Company: Apple | Source: 10-K Annual Report | Page: 52 | Net sales: Operating income | $: $ | 169,658: 31,153 | $: $ | 153,306: 28,504 | $: $ | 124,556: 15,261"
apple_p52_t1,apple,52,7,"Net sales | $ | 169,658 |  | $ | 153,306 |  | $ | 124,556",Company: Apple | Source: 10-K Annual Report | Page: 52 | Net sales: Japan:
apple_p52_t1,apple,52,8,"Net sales | $ | 169,658 |  | $ | 153,306 |  | $ | 124,556","Company: Apple | Source: 10-K Annual Report | Page: 52 | Net sales: Net sales | $: $ | 169,658: 25,977 | $: $ | 153,306: 28,482 | $: $ | 124,556: 21,418"
apple_p52_t1,apple,52,9,"Net sales | $ | 169,658 |  | $ | 153,306 |  | $ | 124,556","Company: Apple | Source: 10-K Annual Report | Page: 52 | Net sales: Operating income | $: $ | 169,658: 12,257 | $: $ | 153,306: 12,798 | $: $ | 124,556: 9,279"
apple_p52_t1,apple,52,10,"Net sales | $ | 169,658 |  | $ | 153,306 |  | $ | 124,556",Company: Apple | Source: 10-K Annual Report | Page: 52 | Net sales: Rest of Asia Pacific:
apple_p52_t1,apple,52,11,"Net sales | $ | 169,658 |  | $ | 153,306 |  | $ | 124,556","Company: Apple | Source: 10-K Annual Report | Page: 52 | Net sales: Net sales | $: $ | 169,658: 29,375 | $: $ | 153,306: 26,356 | $: $ | 124,556: 19,593"
apple_p52_t1,apple,52,12,"Net sales | $ | 169,658 |  | $ | 153,306 |  | $ | 124,556","Company: Apple | Source: 10-K Annual Report | Page: 52 | Net sales: Operating income | $: $ | 169,658: 11,569 | $: $ | 153,306: 9,817 | $: $ | 124,556: 6,808"
apple_p52_t2,apple,52,0,"Research and development expense | (26,251) |  |  | (21,914) |  |  | (18,752) | ","Company: Apple | Source: 10-K Annual Report | Page: 52 | Research and development expense: Other corporate expenses, net | (26,251): (7,207) | (21,914): (6,143) | (18,752): (6,200)"
apple_p52_t2,apple,52,1,"Research and development expense | (26,251) |  |  | (21,914) |  |  | (18,752) | ","Company: Apple | Source: 10-K Annual Report | Page: 52 | Research and development expense: Total operating income | (26,251): $ | (21,914): $ | (18,752): $"
apple_p52_t3,apple,52,0,"U.S. | $ | 147,859 |  | $ | 133,803 |  | $ | 109,197","Company: Apple | Source: 10-K Annual Report | Page: 52 | U.S.: China (1) | $: 74,200 | $: 68,366 | $: 40,308"
apple_p52_t3,apple,52,1,"U.S. | $ | 147,859 |  | $ | 133,803 |  | $ | 109,197","Company: Apple | Source: 10-K Annual Report | Page: 52 | U.S.: Other countries | $: 172,269 | $: 163,648 | $: 125,010"
apple_p52_t3,apple,52,2,"U.S. | $ | 147,859 |  | $ | 133,803 |  | $ | 109,197","Company: Apple | Source: 10-K Annual Report | Page: 52 | U.S.: Total net sales | $: $ | 147,859: 394,328 | $: $ | 133,803: 365,817 | $: $ | 109,197: 274,515"
apple_p52_t4,apple,52,0,"U.S. | $ | 31,119 |  | $ | 28,203","Company: Apple | Source: 10-K Annual Report | Page: 52 | U.S.: China (1) | $: 7,260 | $: 7,521"
apple_p52_t4,apple,52,1,"U.S. | $ | 31,119 |  | $ | 28,203","Company: Apple | Source: 10-K Annual Report | Page: 52 | U.S.: Other countries | $: 3,738 | $: 3,716"
apple_p52_t4,apple,52,2,"U.S. | $ | 31,119 |  | $ | 28,203","Company: Apple | Source: 10-K Annual Report | Page: 52 | U.S.: Total long-lived assets | $: $ | 31,119: 42,117 | $: $ | 28,203: 39,440"
apple_p58_t1,apple,58,0,"Consolidated Statements of Comprehensive Income for the years ended September 24, 2022, September 25, 2021 and September 26, 2020 |  | 30","Company: Apple | Source: 10-K Annual Report | Page: 58 | Consolidated Statements of Comprehensive Income for the years ended September 24, 2022, September 25, 2021 and September 26, 2020: Consolidated Balance Sheets as of September 24, 2022 and September 25, 2021"
apple_p58_t1,apple,58,1,"Consolidated Statements of Comprehensive Income for the years ended September 24, 2022, September 25, 2021 and September 26, 2020 |  | 30","Company: Apple | Source: 10-K Annual Report | Page: 58 | Consolidated Statements of Comprehensive Income for the years ended September 24, 2022, September 25, 2021 and September 26, 2020: Consolidated Statements of Shareholders’ Equity for the years ended September 24, 2022, September 25, 2021 and September 26, 2020 | 30: 32"
apple_p58_t1,apple,58,2,"Consolidated Statements of Comprehensive Income for the years ended September 24, 2022, September 25, 2021 and September 26, 2020 |  | 30","Company: Apple | Source: 10-K Annual Report | Page: 58 | Consolidated Statements of Comprehensive Income for the years ended September 24, 2022, September 25, 2021 and September 26, 2020: Consolidated Statements of Cash Flows for the years ended September 24, 2022, September 25, 2021 and September 26, 2020"
apple_p58_t1,apple,58,3,"Consolidated Statements of Comprehensive Income for the years ended September 24, 2022, September 25, 2021 and September 26, 2020 |  | 30","Company: Apple | Source: 10-K Annual Report | Page: 58 | Consolidated Statements of Comprehensive Income for the years ended September 24, 2022, September 25, 2021 and September 26, 2020: Notes to Consolidated Financial Statements | 30: 34"
apple_p58_t1,apple,58,4,"Consolidated Statements of Comprehensive Income for the years ended September 24, 2022, September 25, 2021 and September 26, 2020 |  | 30","Company: Apple | Source: 10-K Annual Report | Page: 58 | Consolidated Statements of Comprehensive Income for the years ended September 24, 2022, September 25, 2021 and September 26, 2020: Reports of Independent Registered Public Accounting Firm*"
apple_p76_t1,apple,76,0,"Apple Asia LLC | Delaware, U.S.","Company: Apple | Source: 10-K Annual Report | Page: 76 | Apple Asia LLC: Apple Canada Inc. | Delaware, U.S.: Canada"
apple_p76_t1,apple,76,1,"Apple Asia LLC | Delaware, U.S.","Company: Apple | Source: 10-K Annual Report | Page: 76 | Apple Asia LLC: Apple Computer Trading (Shanghai) Co., Ltd. | Delaware, U.S.: China"
apple_p76_t1,apple,76,2,"Apple Asia LLC | Delaware, U.S.","Company: Apple | Source: 10-K Annual Report | Page: 76 | Apple Asia LLC: Apple Distribution International Limited | Delaware, U.S.: Ireland"
apple_p76_t1,apple,76,3,"Apple Asia LLC | Delaware, U.S.","Company: Apple | Source: 10-K Annual Report | Page: 76 | Apple Asia LLC: Apple India Private Limited | Delaware, U.S.: India"
apple_p76_t1,apple,76,4,"Apple Asia LLC | Delaware, U.S.","Company: Apple | Source: 10-K Annual Report | Page: 76 | Apple Asia LLC: Apple Insurance Company, Inc. | Delaware, U.S.: Arizona, U.S."
apple_p76_t1,apple,76,5,"Apple Asia LLC | Delaware, U.S.","Company: Apple | Source: 10-K Annual Report | Page: 76 | Apple Asia LLC: Apple Japan, Inc. | Delaware, U.S.: Japan"
apple_p76_t1,apple,76,6,"Apple Asia LLC | Delaware, U.S.","Company: Apple | Source: 10-K Annual Report | Page: 76 | Apple Asia LLC: Apple Korea Limited | Delaware, U.S.: South Korea"
apple_p76_t1,apple,76,7,"Apple Asia LLC | Delaware, U.S.","Company: Apple | Source: 10-K Annual Report | Page: 76 | Apple Asia LLC: Apple Operations Europe Limited | Delaware, U.S.: Ireland"
apple_p76_t1,apple,76,8,"Apple Asia LLC | Delaware, U.S.","Company: Apple | Source: 10-K Annual Report | Page: 76 | Apple Asia LLC: Apple Operations International Limited | Delaware, U.S.: Ireland"
apple_p76_t1,apple,76,9,"Apple Asia LLC | Delaware, U.S.","Company: Apple | Source: 10-K Annual Report | Page: 76 | Apple Asia LLC: Apple Operations Limited | Delaware, U.S.: Ireland"
apple_p76_t1,apple,76,10,"Apple Asia LLC | Delaware, U.S.","Company: Apple | Source: 10-K Annual Report | Page: 76 | Apple Asia LLC: Apple Operations Mexico, S.A. de C.V. | Delaware, U.S.: Mexico"
apple_p76_t1,apple,76,11,"Apple Asia LLC | Delaware, U.S.","Company: Apple | Source: 10-K Annual Report | Page: 76 | Apple Asia LLC: Apple Pty Limited | Delaware, U.S.: Australia"
apple_p76_t1,apple,76,12,"Apple Asia LLC | Delaware, U.S.","Company: Apple | Source: 10-K Annual Report | Page: 76 | Apple Asia LLC: Apple Sales International Limited | Delaware, U.S.: Ireland"
apple_p76_t1,apple,76,13,"Apple Asia LLC | Delaware, U.S.","Company: Apple | Source: 10-K Annual Report | Page: 76 | Apple Asia LLC: Apple South Asia (Thailand) Limited | Delaware, U.S.: Thailand"
apple_p76_t1,apple,76,14,"Apple Asia LLC | Delaware, U.S.","Company: Apple | Source: 10-K Annual Report | Page: 76 | Apple Asia LLC: Apple Vietnam Limited Liability Company | Delaware, U.S.: Vietnam"
apple_p76_t1,apple,76,15,"Apple Asia LLC | Delaware, U.S.","Company: Apple | Source: 10-K Annual Report | Page: 76 | Apple Asia LLC: Braeburn Capital, Inc. | Delaware, U.S.: Nevada, U.S."
apple_p76_t1,apple,76,16,"Apple Asia LLC | Delaware, U.S.","Company: Apple | Source: 10-K Annual Report | Page: 76 | Apple Asia LLC: iTunes K.K. | Delaware, U.S.: Japan"
amazon_p30_t1,amazon,30,0,"Office space | 29,655 9,222 North America","Company: Amazon | Source: 10-K Annual Report | Page: 30 | Office space: Office space | 29,655 9,222 North America: 24,528 1,802 International"
amazon_p30_t1,amazon,30,1,"Office space | 29,655 9,222 North America","Company: Amazon | Source: 10-K Annual Report | Page: 30 | Office space: Physical stores (2) | 29,655 9,222 North America: 22,871 707 North America"
amazon_p30_t1,amazon,30,2,"Office space | 29,655 9,222 North America","Company: Amazon | Source: 10-K Annual Report | Page: 30 | 29,655 9,222 North America: 255 — International"
amazon_p30_t1,amazon,30,3,"Office space | 29,655 9,222 North America","Company: Amazon | Source: 10-K Annual Report | Page: 30 | Office space: Fulfillment, data centers, and other | 29,655 9,222 North America: 413,017 25,630 North America"
amazon_p30_t1,amazon,30,4,"Office space | 29,655 9,222 North America","Company: Amazon | Source: 10-K Annual Report | Page: 30 | 29,655 9,222 North America: 173,765 14,802 International"
amazon_p30_t1,amazon,30,5,"Office space | 29,655 9,222 North America","Company: Amazon | Source: 10-K Annual Report | Page: 30 | Office space: Total | 29,655 9,222 North America: 664,091 52,163"
amazon_p37_t1,amazon,37,0,Operating Income (Loss) |  |  | ,"Company: Amazon | Source: 10-K Annual Report | Page: 37 | Operating Income (Loss): North America $ (2,847) $ 14,877"
amazon_p37_t1,amazon,37,1,Operating Income (Loss) |  |  | ,Company: Amazon | Source: 10-K Annual Report | Page: 37 | Operating Income (Loss): International
amazon_p37_t1,amazon,37,2,Operating Income (Loss) |  |  | ,"Company: Amazon | Source: 10-K Annual Report | Page: 37 | Operating Income (Loss): AWS 22,841 24,631"
amazon_p37_t1,amazon,37,3,Operating Income (Loss) |  |  | ,"Company: Amazon | Source: 10-K Annual Report | Page: 37 | Operating Income (Loss): Consolidated $ 12,248 $ 36,852"
amazon_p57_t1,amazon,57,0,"Marketable equity securities valuation gains (losses) | $ 11,526 |  | $ (13,870) | $ 984","Company: Amazon | Source: 10-K Annual Report | Page: 57 | Marketable equity securities valuation gains (losses): Equity warrant valuation gains (losses) 1,315 (2,132) 26"
amazon_p57_t1,amazon,57,1,"Marketable equity securities valuation gains (losses) | $ 11,526 |  | $ (13,870) | $ 984","Company: Amazon | Source: 10-K Annual Report | Page: 57 | Marketable equity securities valuation gains (losses): Upward adjustments relating to equity investments in private companies 1,866 76 | $ 984: 40"
amazon_p57_t1,amazon,57,2,"Marketable equity securities valuation gains (losses) | $ 11,526 |  | $ (13,870) | $ 984",Company: Amazon | Source: 10-K Annual Report | Page: 57 | Marketable equity securities valuation gains (losses): Foreign currency gains (losses) (55) (340) 65
amazon_p57_t1,amazon,57,3,"Marketable equity securities valuation gains (losses) | $ 11,526 |  | $ (13,870) | $ 984","Company: Amazon | Source: 10-K Annual Report | Page: 57 | Marketable equity securities valuation gains (losses): Other, net (19) (540) | $ 984: (177)"
amazon_p57_t1,amazon,57,4,"Marketable equity securities valuation gains (losses) | $ 11,526 |  | $ (13,870) | $ 984","Company: Amazon | Source: 10-K Annual Report | Page: 57 | Marketable equity securities valuation gains (losses): Total other income (expense), net | $ 11,526: $ 14,633 $ (16,806) $ 938"
amazon_p72_t1,amazon,72,0,"Long-term debt principal and interest | $ 10,616 $ 7,175 $ 4,858 $ 10,404 $ 3,643 $ 60,176 $ 96,872","Company: Amazon | Source: 10-K Annual Report | Page: 72 | Long-term debt principal and interest: Operating lease liabilities | $ 10,616 $ 7,175 $ 4,858 $ 10,404 $ 3,643 $ 60,176 $ 96,872: 11,229 9,922 9,156 8,321 7,546 44,603 90,777"
amazon_p72_t1,amazon,72,1,"Long-term debt principal and interest | $ 10,616 $ 7,175 $ 4,858 $ 10,404 $ 3,643 $ 60,176 $ 96,872","Company: Amazon | Source: 10-K Annual Report | Page: 72 | Long-term debt principal and interest: Finance lease liabilities, including interest | $ 10,616 $ 7,175 $ 4,858 $ 10,404 $ 3,643 $ 60,176 $ 96,872: 2,292 1,471 1,369 1,123 1,022 6,829 14,106"
amazon_p72_t1,amazon,72,2,"Long-term debt principal and interest | $ 10,616 $ 7,175 $ 4,858 $ 10,404 $ 3,643 $ 60,176 $ 96,872","Company: Amazon | Source: 10-K Annual Report | Page: 72 | Long-term debt principal and interest: Financing obligations, including interest (1) | $ 10,616 $ 7,175 $ 4,858 $ 10,404 $ 3,643 $ 60,176 $ 96,872: 469 462 468 476 484 6,282 8,641"
amazon_p72_t1,amazon,72,3,"Long-term debt principal and interest | $ 10,616 $ 7,175 $ 4,858 $ 10,404 $ 3,643 $ 60,176 $ 96,872","Company: Amazon | Source: 10-K Annual Report | Page: 72 | Long-term debt principal and interest: Leases not yet commenced | $ 10,616 $ 7,175 $ 4,858 $ 10,404 $ 3,643 $ 60,176 $ 96,872: 2,034 2,620 2,836 2,852 2,979 24,860 38,181"
amazon_p72_t1,amazon,72,4,"Long-term debt principal and interest | $ 10,616 $ 7,175 $ 4,858 $ 10,404 $ 3,643 $ 60,176 $ 96,872","Company: Amazon | Source: 10-K Annual Report | Page: 72 | Long-term debt principal and interest: Unconditional purchase obligations (2) | $ 10,616 $ 7,175 $ 4,858 $ 10,404 $ 3,643 $ 60,176 $ 96,872: 9,432 7,823 5,901 4,463 1,912 5,953 35,484"
amazon_p72_t1,amazon,72,5,"Long-term debt principal and interest | $ 10,616 $ 7,175 $ 4,858 $ 10,404 $ 3,643 $ 60,176 $ 96,872","Company: Amazon | Source: 10-K Annual Report | Page: 72 | Long-term debt principal and interest: Other commitments (3) | $ 10,616 $ 7,175 $ 4,858 $ 10,404 $ 3,643 $ 60,176 $ 96,872: 3,273 1,390 1,125 759 680 9,121 16,348"
amazon_p72_t1,amazon,72,6,"Long-term debt principal and interest | $ 10,616 $ 7,175 $ 4,858 $ 10,404 $ 3,643 $ 60,176 $ 96,872","Company: Amazon | Source: 10-K Annual Report | Page: 72 | Long-term debt principal and interest: Total commitments | $ 10,616 $ 7,175 $ 4,858 $ 10,404 $ 3,643 $ 60,176 $ 96,872: $ 39,345 $ 30,863 $ 25,713 $ 28,398 $ 18,266 $ 157,824 $ 300,409"
amazon_p73_t1,amazon,73,0,damages report that in the event of a finding of liability Amazon could be subject to | $140 million | to | $267 million | in damages.,Company: Amazon | Source: 10-K Annual Report | Page: 73 | damages report that in the event of a finding of liability Amazon could be subject to: We dispute the allegations of wrongdoing and intend to defend ourselves vigorously in this matter.
amazon_p74_t1,amazon,74,0,Europe Core S.à r.l. claiming that Amazon’s processing of personal data did not comply with the EU General Data Protection |  |  |  | ,Company: Amazon | Source: 10-K Annual Report | Page: 74 | Europe Core S.à r.l. claiming that Amazon’s processing of personal data did not comply with the EU General Data Protection: Regulation. The decision imposes a
amazon_p74_t1,amazon,74,1,Europe Core S.à r.l. claiming that Amazon’s processing of personal data did not comply with the EU General Data Protection |  |  |  | ,Company: Amazon | Source: 10-K Annual Report | Page: 74 | Europe Core S.à r.l. claiming that Amazon’s processing of personal data did not comply with the EU General Data Protection: to be without merit and intend to defend ourselves vigorously in this
amazon_p78_t4,amazon,78,0,"Operating lease liabilities | 18,285 |  | 19,922","Company: Amazon | Source: 10-K Annual Report | Page: 78 | 19,922: 14,800"
amazon_p78_t4,amazon,78,1,"Operating lease liabilities | 18,285 |  | 19,922","Company: Amazon | Source: 10-K Annual Report | Page: 78 | Operating lease liabilities: Other items 1,023 745"
amazon_p78_t5,amazon,78,0,"Depreciation and amortization (9,039) (12,454) |  |  | ","Company: Amazon | Source: 10-K Annual Report | Page: 78 | Depreciation and amortization (9,039) (12,454): Operating lease assets (17,140) (18,648)"
amazon_p78_t5,amazon,78,1,"Depreciation and amortization (9,039) (12,454) |  |  | ","Company: Amazon | Source: 10-K Annual Report | Page: 78 | Depreciation and amortization (9,039) (12,454): Other items"
tesla_p4_t1,tesla,4,0,"($ in millions, except percentages and per share data) | Q4-2022 | Q1-2023 | Q2-2023 | Q3-2023 | Q4-2023 | YoY","Company: Tesla | Source: 10-K Annual Report | Page: 4 | ($ in millions, except percentages and per share data): Total automotive revenues | Q4-2022: 21,307 | Q1-2023: 19,963 | Q2-2023: 21,268 | Q3-2023: 19,625 | Q4-2023: 21,563 | YoY: 1%"
tesla_p4_t1,tesla,4,1,"($ in millions, except percentages and per share data) | Q4-2022 | Q1-2023 | Q2-2023 | Q3-2023 | Q4-2023 | YoY","Company: Tesla | Source: 10-K Annual Report | Page: 4 | ($ in millions, except percentages and per share data): Energy generation and storage revenue | Q4-2022: 1,310 | Q1-2023: 1,529 | Q2-2023: 1,509 | Q3-2023: 1,559 | Q4-2023: 1,438 | YoY: 10%"
tesla_p4_t1,tesla,4,2,"($ in millions, except percentages and per share data) | Q4-2022 | Q1-2023 | Q2-2023 | Q3-2023 | Q4-2023 | YoY","Company: Tesla | Source: 10-K Annual Report | Page: 4 | ($ in millions, except percentages and per share data): Services and other revenue | Q4-2022: 1,701 | Q1-2023: 1,837 | Q2-2023: 2,150 | Q3-2023: 2,166 | Q4-2023: 2,166 | YoY: 27%"
tesla_p4_t1,tesla,4,3,"($ in millions, except percentages and per share data) | Q4-2022 | Q1-2023 | Q2-2023 | Q3-2023 | Q4-2023 | YoY","Company: Tesla | Source: 10-K Annual Report | Page: 4 | ($ in millions, except percentages and per share data): Total revenues | Q4-2022: 24,318 | Q1-2023: 23,329 | Q2-2023: 24,927 | Q3-2023: 23,350 | Q4-2023: 25,167 | YoY: 3%"
tesla_p4_t1,tesla,4,4,"($ in millions, except percentages and per share data) | Q4-2022 | Q1-2023 | Q2-2023 | Q3-2023 | Q4-2023 | YoY","Company: Tesla | Source: 10-K Annual Report | Page: 4 | ($ in millions, except percentages and per share data): Total gross profit | Q4-2022: 5,777 | Q1-2023: 4,511 | Q2-2023: 4,533 | Q3-2023: 4,178 | Q4-2023: 4,438 | YoY: -23%"
tesla_p4_t1,tesla,4,5,"($ in millions, except percentages and per share data) | Q4-2022 | Q1-2023 | Q2-2023 | Q3-2023 | Q4-2023 | YoY","Company: Tesla | Source: 10-K Annual Report | Page: 4 | ($ in millions, except percentages and per share data): Total GAAP gross margin | Q4-2022: 23.8% | Q1-2023: 19.3% | Q2-2023: 18.2% | Q3-2023: 17.9% | Q4-2023: 17.6% | YoY: -612 bp"
tesla_p4_t1,tesla,4,6,"($ in millions, except percentages and per share data) | Q4-2022 | Q1-2023 | Q2-2023 | Q3-2023 | Q4-2023 | YoY","Company: Tesla | Source: 10-K Annual Report | Page: 4 | ($ in millions, except percentages and per share data): Operating expenses | Q4-2022: 1,876 | Q1-2023: 1,847 | Q2-2023: 2,134 | Q3-2023: 2,414 | Q4-2023: 2,374 | YoY: 27%"
tesla_p4_t1,tesla,4,7,"($ in millions, except percentages and per share data) | Q4-2022 | Q1-2023 | Q2-2023 | Q3-2023 | Q4-2023 | YoY","Company: Tesla | Source: 10-K Annual Report | Page: 4 | ($ in millions, except percentages and per share data): Income from operations | Q4-2022: 3,901 | Q1-2023: 2,664 | Q2-2023: 2,399 | Q3-2023: 1,764 | Q4-2023: 2,064 | YoY: -47%"
tesla_p4_t1,tesla,4,8,"($ in millions, except percentages and per share data) | Q4-2022 | Q1-2023 | Q2-2023 | Q3-2023 | Q4-2023 | YoY","Company: Tesla | Source: 10-K Annual Report | Page: 4 | ($ in millions, except percentages and per share data): Operating margin | Q4-2022: 16.0% | Q1-2023: 11.4% | Q2-2023: 9.6% | Q3-2023: 7.6% | Q4-2023: 8.2% | YoY: -784 bp"
tesla_p4_t1,tesla,4,9,"($ in millions, except percentages and per share data) | Q4-2022 | Q1-2023 | Q2-2023 | Q3-2023 | Q4-2023 | YoY","Company: Tesla | Source: 10-K Annual Report | Page: 4 | ($ in millions, except percentages and per share data): Adjusted EBITDA | Q4-2022: 5,404 | Q1-2023: 4,267 | Q2-2023: 4,653 | Q3-2023: 3,758 | Q4-2023: 3,953 | YoY: -27%"
tesla_p4_t1,tesla,4,10,"($ in millions, except percentages and per share data) | Q4-2022 | Q1-2023 | Q2-2023 | Q3-2023 | Q4-2023 | YoY","Company: Tesla | Source: 10-K Annual Report | Page: 4 | ($ in millions, except percentages and per share data): Adjusted EBITDA margin | Q4-2022: 22.2% | Q1-2023: 18.3% | Q2-2023: 18.7% | Q3-2023: 16.1% | Q4-2023: 15.7% | YoY: -652 bp"
tesla_p4_t1,tesla,4,11,"($ in millions, except percentages and per share data) | Q4-2022 | Q1-2023 | Q2-2023 | Q3-2023 | Q4-2023 | YoY","Company: Tesla | Source: 10-K Annual Report | Page: 4 | ($ in millions, except percentages and per share data): Net income attributable to common stockholders (GAAP) | Q4-2022: 3,687 | Q1-2023: 2,513 | Q2-2023: 2,703 | Q3-2023: 1,853 | Q4-2023: 7,928 | YoY: 115%"
tesla_p4_t1,tesla,4,12,"($ in millions, except percentages and per share data) | Q4-2022 | Q1-2023 | Q2-2023 | Q3-2023 | Q4-2023 | YoY","Company: Tesla | Source: 10-K Annual Report | Page: 4 | ($ in millions, except percentages and per share data): Net income attributable to common stockholders (non-GAAP) | Q4-2022: 4,106 | Q1-2023: 2,931 | Q2-2023: 3,148 | Q3-2023: 2,318 | Q4-2023: 2,485 | YoY: -39%"
tesla_p4_t1,tesla,4,13,"($ in millions, except percentages and per share data) | Q4-2022 | Q1-2023 | Q2-2023 | Q3-2023 | Q4-2023 | YoY","Company: Tesla | Source: 10-K Annual Report | Page: 4 | ($ in millions, except percentages and per share data): EPS attributable to common stockholders, diluted (GAAP) | Q4-2022: 1.07 | Q1-2023: 0.73 | Q2-2023: 0.78 | Q3-2023: 0.53 | Q4-2023: 2.27 | YoY: 112%"
tesla_p4_t1,tesla,4,14,"($ in millions, except percentages and per share data) | Q4-2022 | Q1-2023 | Q2-2023 | Q3-2023 | Q4-2023 | YoY","Company: Tesla | Source: 10-K Annual Report | Page: 4 | ($ in millions, except percentages and per share data): EPS attributable to common stockholders, diluted (non-GAAP) | Q4-2022: 1.19 | Q1-2023: 0.85 | Q2-2023: 0.91 | Q3-2023: 0.66 | Q4-2023: 0.71 | YoY: -40%"
tesla_p4_t1,tesla,4,15,"($ in millions, except percentages and per share data) | Q4-2022 | Q1-2023 | Q2-2023 | Q3-2023 | Q4-2023 | YoY","Company: Tesla | Source: 10-K Annual Report | Page: 4 | ($ in millions, except percentages and per share data): Net cash provided by operating activities | Q4-2022: 3,278 | Q1-2023: 2,513 | Q2-2023: 3,065 | Q3-2023: 3,308 | Q4-2023: 4,370 | YoY: 33%"
tesla_p4_t1,tesla,4,16,"($ in millions, except percentages and per share data) | Q4-2022 | Q1-2023 | Q2-2023 | Q3-2023 | Q4-2023 | YoY","Company: Tesla | Source: 10-K Annual Report | Page: 4 | ($ in millions, except percentages and per share data): Capital expenditures | Q4-2022: (1,858) | Q1-2023: (2,072) | Q2-2023: (2,060) | Q3-2023: (2,460) | Q4-2023: (2,306) | YoY: 24%"
tesla_p4_t1,tesla,4,17,"($ in millions, except percentages and per share data) | Q4-2022 | Q1-2023 | Q2-2023 | Q3-2023 | Q4-2023 | YoY","Company: Tesla | Source: 10-K Annual Report | Page: 4 | ($ in millions, except percentages and per share data): Free cash flow | Q4-2022: 1,420 | Q1-2023: 441 | Q2-2023: 1,005 | Q3-2023: 848 | Q4-2023: 2,064 | YoY: 45%"
tesla_p4_t1,tesla,4,18,"($ in millions, except percentages and per share data) | Q4-2022 | Q1-2023 | Q2-2023 | Q3-2023 | Q4-2023 | YoY","Company: Tesla | Source: 10-K Annual Report | Page: 4 | ($ in millions, except percentages and per share data): Cash, cash equivalents and investments | Q4-2022: 22,185 | Q1-2023: 22,402 | Q2-2023: 23,075 | Q3-2023: 26,077 | Q4-2023: 29,094 | YoY: 31%"
tesla_p5_t1,tesla,5,0,"($ in millions, except percentages and per share data) | 2019 | 2020 | 2021 | 2022 | 2023 | YoY","Company: Tesla | Source: 10-K Annual Report | Page: 5 | ($ in millions, except percentages and per share data): Total automotive revenues | 2019: 20,821 | 2020: 27,236 | 2021: 47,232 | 2022: 71,462 | 2023: 82,419 | YoY: 15%"
tesla_p5_t1,tesla,5,1,"($ in millions, except percentages and per share data) | 2019 | 2020 | 2021 | 2022 | 2023 | YoY","Company: Tesla | Source: 10-K Annual Report | Page: 5 | ($ in millions, except percentages and per share data): Energy generation and storage revenue | 2019: 1,531 | 2020: 1,994 | 2021: 2,789 | 2022: 3,909 | 2023: 6,035 | YoY: 54%"
tesla_p5_t1,tesla,5,2,"($ in millions, except percentages and per share data) | 2019 | 2020 | 2021 | 2022 | 2023 | YoY","Company: Tesla | Source: 10-K Annual Report | Page: 5 | ($ in millions, except percentages and per share data): Services and other revenue | 2019: 2,226 | 2020: 2,306 | 2021: 3,802 | 2022: 6,091 | 2023: 8,319 | YoY: 37%"
tesla_p5_t1,tesla,5,3,"($ in millions, except percentages and per share data) | 2019 | 2020 | 2021 | 2022 | 2023 | YoY","Company: Tesla | Source: 10-K Annual Report | Page: 5 | ($ in millions, except percentages and per share data): Total revenues | 2019: 24,578 | 2020: 31,536 | 2021: 53,823 | 2022: 81,462 | 2023: 96,773 | YoY: 19%"
tesla_p5_t1,tesla,5,4,"($ in millions, except percentages and per share data) | 2019 | 2020 | 2021 | 2022 | 2023 | YoY","Company: Tesla | Source: 10-K Annual Report | Page: 5 | ($ in millions, except percentages and per share data): Total gross profit | 2019: 4,069 | 2020: 6,630 | 2021: 13,606 | 2022: 20,853 | 2023: 17,660 | YoY: -15%"
tesla_p5_t1,tesla,5,5,"($ in millions, except percentages and per share data) | 2019 | 2020 | 2021 | 2022 | 2023 | YoY","Company: Tesla | Source: 10-K Annual Report | Page: 5 | ($ in millions, except percentages and per share data): Total GAAP gross margin | 2019: 16.6% | 2020: 21.0% | 2021: 25.3% | 2022: 25.6% | 2023: 18.2% | YoY: -735 bp"
tesla_p5_t1,tesla,5,6,"($ in millions, except percentages and per share data) | 2019 | 2020 | 2021 | 2022 | 2023 | YoY","Company: Tesla | Source: 10-K Annual Report | Page: 5 | ($ in millions, except percentages and per share data): Operating expenses | 2019: 4,138 | 2020: 4,636 | 2021: 7,083 | 2022: 7,197 | 2023: 8,769 | YoY: 22%"
tesla_p5_t1,tesla,5,7,"($ in millions, except percentages and per share data) | 2019 | 2020 | 2021 | 2022 | 2023 | YoY","Company: Tesla | Source: 10-K Annual Report | Page: 5 | ($ in millions, except percentages and per share data): (Loss) income from operations | 2019: (69) | 2020: 1,994 | 2021: 6,523 | 2022: 13,656 | 2023: 8,891 | YoY: -35%"
tesla_p5_t1,tesla,5,8,"($ in millions, except percentages and per share data) | 2019 | 2020 | 2021 | 2022 | 2023 | YoY","Company: Tesla | Source: 10-K Annual Report | Page: 5 | ($ in millions, except percentages and per share data): Operating margin | 2019: -0.3% | 2020: 6.3% | 2021: 12.1% | 2022: 16.8% | 2023: 9.2% | YoY: -758 bp"
tesla_p5_t1,tesla,5,9,"($ in millions, except percentages and per share data) | 2019 | 2020 | 2021 | 2022 | 2023 | YoY","Company: Tesla | Source: 10-K Annual Report | Page: 5 | ($ in millions, except percentages and per share data): Adjusted EBITDA | 2019: 2,985 | 2020: 5,817 | 2021: 11,621 | 2022: 19,186 | 2023: 16,631 | YoY: -13%"
tesla_p5_t1,tesla,5,10,"($ in millions, except percentages and per share data) | 2019 | 2020 | 2021 | 2022 | 2023 | YoY","Company: Tesla | Source: 10-K Annual Report | Page: 5 | ($ in millions, except percentages and per share data): Adjusted EBITDA margin | 2019: 12.1% | 2020: 18.4% | 2021: 21.6% | 2022: 23.6% | 2023: 17.2% | YoY: -637 bp"
tesla_p5_t1,tesla,5,11,"($ in millions, except percentages and per share data) | 2019 | 2020 | 2021 | 2022 | 2023 | YoY","Company: Tesla | Source: 10-K Annual Report | Page: 5 | ($ in millions, except percentages and per share data): Net (loss) income attributable to common stockholders (GAAP) | 2019: (862) | 2020: 721 | 2021: 5,519 | 2022: 12,556 | 2023: 14,997 | YoY: 19%"
tesla_p5_t1,tesla,5,12,"($ in millions, except percentages and per share data) | 2019 | 2020 | 2021 | 2022 | 2023 | YoY","Company: Tesla | Source: 10-K Annual Report | Page: 5 | ($ in millions, except percentages and per share data): Net income attributable to common stockholders (non-GAAP) | 2019: 36 | 2020: 2,455 | 2021: 7,640 | 2022: 14,116 | 2023: 10,882 | YoY: -23%"
tesla_p5_t1,tesla,5,13,"($ in millions, except percentages and per share data) | 2019 | 2020 | 2021 | 2022 | 2023 | YoY","Company: Tesla | Source: 10-K Annual Report | Page: 5 | ($ in millions, except percentages and per share data): EPS attributable to common stockholders, diluted (GAAP) | 2019: (0.33) | 2020: 0.21 | 2021: 1.63 | 2022: 3.62 | 2023: 4.30 | YoY: 19%"
tesla_p5_t1,tesla,5,14,"($ in millions, except percentages and per share data) | 2019 | 2020 | 2021 | 2022 | 2023 | YoY","Company: Tesla | Source: 10-K Annual Report | Page: 5 | ($ in millions, except percentages and per share data): EPS attributable to common stockholders, diluted (non-GAAP) | 2019: 0.01 | 2020: 0.75 | 2021: 2.26 | 2022: 4.07 | 2023: 3.12 | YoY: -23%"
tesla_p5_t1,tesla,5,15,"($ in millions, except percentages and per share data) | 2019 | 2020 | 2021 | 2022 | 2023 | YoY","Company: Tesla | Source: 10-K Annual Report | Page: 5 | ($ in millions, except percentages and per share data): Net cash provided by operating activities | 2019: 2,405 | 2020: 5,943 | 2021: 11,497 | 2022: 14,724 | 2023: 13,256 | YoY: -10%"
tesla_p5_t1,tesla,5,16,"($ in millions, except percentages and per share data) | 2019 | 2020 | 2021 | 2022 | 2023 | YoY","Company: Tesla | Source: 10-K Annual Report | Page: 5 | ($ in millions, except percentages and per share data): Capital expenditures | 2019: (1,327) | 2020: (3,157) | 2021: (6,482) | 2022: (7,158) | 2023: (8,898) | YoY: 24%"
tesla_p5_t1,tesla,5,17,"($ in millions, except percentages and per share data) | 2019 | 2020 | 2021 | 2022 | 2023 | YoY","Company: Tesla | Source: 10-K Annual Report | Page: 5 | ($ in millions, except percentages and per share data): Free cash flow | 2019: 1,078 | 2020: 2,786 | 2021: 5,015 | 2022: 7,566 | 2023: 4,358 | YoY: -42%"
tesla_p5_t1,tesla,5,18,"($ in millions, except percentages and per share data) | 2019 | 2020 | 2021 | 2022 | 2023 | YoY","Company: Tesla | Source: 10-K Annual Report | Page: 5 | ($ in millions, except percentages and per share data): Cash, cash equivalents and investments | 2019: 6,268 | 2020: 19,384 | 2021: 17,707 | 2022: 22,185 | 2023: 29,094 | YoY: 31%"
tesla_p7_t1,tesla,7,0, | Q4-2022 | Q1-2023 | Q2-2023 | Q3-2023 | Q4-2023 | YoY,"Company: Tesla | Source: 10-K Annual Report | Page: 7 | Q4-2022: 419,088 | Q1-2023: 421,371 | Q2-2023: 460,211 | Q3-2023: 416,800 | Q4-2023: 476,777 | YoY: 14%"
tesla_p7_t1,tesla,7,1, | Q4-2022 | Q1-2023 | Q2-2023 | Q3-2023 | Q4-2023 | YoY,"Company: Tesla | Source: 10-K Annual Report | Page: 7 | Q4-2022: 20,613 | Q1-2023: 19,437 | Q2-2023: 19,489 | Q3-2023: 13,688 | Q4-2023: 18,212 | YoY: -12%"
tesla_p7_t1,tesla,7,2, | Q4-2022 | Q1-2023 | Q2-2023 | Q3-2023 | Q4-2023 | YoY,"Company: Tesla | Source: 10-K Annual Report | Page: 7 | Q4-2022: 439,701 | Q1-2023: 440,808 | Q2-2023: 479,700 | Q3-2023: 430,488 | Q4-2023: 494,989 | YoY: 13%"
tesla_p7_t1,tesla,7,3, | Q4-2022 | Q1-2023 | Q2-2023 | Q3-2023 | Q4-2023 | YoY,"Company: Tesla | Source: 10-K Annual Report | Page: 7 | Q4-2022: 388,131 | Q1-2023: 412,180 | Q2-2023: 446,915 | Q3-2023: 419,074 | Q4-2023: 461,538 | YoY: 19%"
tesla_p7_t1,tesla,7,4, | Q4-2022 | Q1-2023 | Q2-2023 | Q3-2023 | Q4-2023 | YoY,"Company: Tesla | Source: 10-K Annual Report | Page: 7 | Q4-2022: 17,147 | Q1-2023: 10,695 | Q2-2023: 19,225 | Q3-2023: 15,985 | Q4-2023: 22,969 | YoY: 34%"
tesla_p7_t1,tesla,7,5, | Q4-2022 | Q1-2023 | Q2-2023 | Q3-2023 | Q4-2023 | YoY,"Company: Tesla | Source: 10-K Annual Report | Page: 7 | Q4-2022: 405,278 | Q1-2023: 422,875 | Q2-2023: 466,140 | Q3-2023: 435,059 | Q4-2023: 484,507 | YoY: 20%"
tesla_p7_t1,tesla,7,6, | Q4-2022 | Q1-2023 | Q2-2023 | Q3-2023 | Q4-2023 | YoY,"Company: Tesla | Source: 10-K Annual Report | Page: 7 | Q4-2022: 15,184 | Q1-2023: 22,357 | Q2-2023: 21,883 | Q3-2023: 17,423 | Q4-2023: 10,563 | YoY: -30%"
tesla_p7_t1,tesla,7,7, | Q4-2022 | Q1-2023 | Q2-2023 | Q3-2023 | Q4-2023 | YoY,"Company: Tesla | Source: 10-K Annual Report | Page: 7 | Q4-2022: 140,667 | Q1-2023: 153,988 | Q2-2023: 168,058 | Q3-2023: 176,231 | Q4-2023: 176,564 | YoY: 26%"
tesla_p7_t1,tesla,7,8, | Q4-2022 | Q1-2023 | Q2-2023 | Q3-2023 | Q4-2023 | YoY,Company: Tesla | Source: 10-K Annual Report | Page: 7 | Q4-2022: 13 | Q1-2023: 15 | Q2-2023: 16 | Q3-2023: 16 | Q4-2023: 15 | YoY: 15%
tesla_p7_t1,tesla,7,9, | Q4-2022 | Q1-2023 | Q2-2023 | Q3-2023 | Q4-2023 | YoY,Company: Tesla | Source: 10-K Annual Report | Page: 7 | Q4-2022: 100 | Q1-2023: 67 | Q2-2023: 66 | Q3-2023: 49 | Q4-2023: 41 | YoY: -59%
tesla_p7_t1,tesla,7,10, | Q4-2022 | Q1-2023 | Q2-2023 | Q3-2023 | Q4-2023 | YoY,"Company: Tesla | Source: 10-K Annual Report | Page: 7 | Q4-2022: 2,462 | Q1-2023: 3,889 | Q2-2023: 3,653 | Q3-2023: 3,980 | Q4-2023: 3,202 | YoY: 30%"
tesla_p7_t1,tesla,7,11, | Q4-2022 | Q1-2023 | Q2-2023 | Q3-2023 | Q4-2023 | YoY,"Company: Tesla | Source: 10-K Annual Report | Page: 7 | Q4-2022: 963 | Q1-2023: 1,000 | Q2-2023: 1,068 | Q3-2023: 1,129 | Q4-2023: 1,208 | YoY: 25%"
tesla_p7_t1,tesla,7,12, | Q4-2022 | Q1-2023 | Q2-2023 | Q3-2023 | Q4-2023 | YoY,"Company: Tesla | Source: 10-K Annual Report | Page: 7 | Q4-2022: 1,584 | Q1-2023: 1,692 | Q2-2023: 1,769 | Q3-2023: 1,846 | Q4-2023: 1,909 | YoY: 21%"
tesla_p7_t1,tesla,7,13, | Q4-2022 | Q1-2023 | Q2-2023 | Q3-2023 | Q4-2023 | YoY,"Company: Tesla | Source: 10-K Annual Report | Page: 7 | Q4-2022: 4,678 | Q1-2023: 4,947 | Q2-2023: 5,265 | Q3-2023: 5,595 | Q4-2023: 5,952 | YoY: 27%"
tesla_p7_t1,tesla,7,14, | Q4-2022 | Q1-2023 | Q2-2023 | Q3-2023 | Q4-2023 | YoY,"Company: Tesla | Source: 10-K Annual Report | Page: 7 | Q4-2022: 42,419 | Q1-2023: 45,169 | Q2-2023: 48,082 | Q3-2023: 51,105 | Q4-2023: 54,892 | YoY: 29%"
tesla_p8_t1,tesla,8,0, | 2019 | 2020 | 2021 | 2022 | 2023 | YoY,"Company: Tesla | Source: 10-K Annual Report | Page: 8 | 2019: 302,301 | 2020: 454,932 | 2021: 906,032 | 2022: 1,298,434 | 2023: 1,775,159 | YoY: 37%"
tesla_p8_t1,tesla,8,1, | 2019 | 2020 | 2021 | 2022 | 2023 | YoY,"Company: Tesla | Source: 10-K Annual Report | Page: 8 | 2019: 62,931 | 2020: 54,805 | 2021: 24,390 | 2022: 71,177 | 2023: 70,826 | YoY: 0%"
tesla_p8_t1,tesla,8,2, | 2019 | 2020 | 2021 | 2022 | 2023 | YoY,"Company: Tesla | Source: 10-K Annual Report | Page: 8 | 2019: 365,232 | 2020: 509,737 | 2021: 930,422 | 2022: 1,369,611 | 2023: 1,845,985 | YoY: 35%"
tesla_p8_t1,tesla,8,3, | 2019 | 2020 | 2021 | 2022 | 2023 | YoY,"Company: Tesla | Source: 10-K Annual Report | Page: 8 | 2019: 300,885 | 2020: 442,562 | 2021: 911,242 | 2022: 1,247,146 | 2023: 1,739,707 | YoY: 39%"
tesla_p8_t1,tesla,8,4, | 2019 | 2020 | 2021 | 2022 | 2023 | YoY,"Company: Tesla | Source: 10-K Annual Report | Page: 8 | 2019: 66,771 | 2020: 57,085 | 2021: 24,980 | 2022: 66,705 | 2023: 68,874 | YoY: 3%"
tesla_p8_t1,tesla,8,5, | 2019 | 2020 | 2021 | 2022 | 2023 | YoY,"Company: Tesla | Source: 10-K Annual Report | Page: 8 | 2019: 367,656 | 2020: 499,647 | 2021: 936,222 | 2022: 1,313,851 | 2023: 1,808,581 | YoY: 38%"
tesla_p8_t1,tesla,8,6, | 2019 | 2020 | 2021 | 2022 | 2023 | YoY,"Company: Tesla | Source: 10-K Annual Report | Page: 8 | 2019: 25,439 | 2020: 34,470 | 2021: 60,912 | 2022: 47,582 | 2023: 72,226 | YoY: 52%"
tesla_p8_t1,tesla,8,7, | 2019 | 2020 | 2021 | 2022 | 2023 | YoY,"Company: Tesla | Source: 10-K Annual Report | Page: 8 | 2019: 49,901 | 2020: 72,089 | 2021: 120,342 | 2022: 140,667 | 2023: 176,564 | YoY: 26%"
tesla_p8_t1,tesla,8,8, | 2019 | 2020 | 2021 | 2022 | 2023 | YoY,Company: Tesla | Source: 10-K Annual Report | Page: 8 | 2019: 13 | 2020: 15 | 2021: 6 | 2022: 16 | 2023: 16 | YoY: 0%
tesla_p8_t1,tesla,8,9, | 2019 | 2020 | 2021 | 2022 | 2023 | YoY,Company: Tesla | Source: 10-K Annual Report | Page: 8 | 2019: 173 | 2020: 205 | 2021: 345 | 2022: 348 | 2023: 223 | YoY: -36%
tesla_p8_t1,tesla,8,10, | 2019 | 2020 | 2021 | 2022 | 2023 | YoY,"Company: Tesla | Source: 10-K Annual Report | Page: 8 | 2019: 1,651 | 2020: 3,022 | 2021: 3,992 | 2022: 6,541 | 2023: 14,724 | YoY: 125%"
tesla_p8_t1,tesla,8,11, | 2019 | 2020 | 2021 | 2022 | 2023 | YoY,"Company: Tesla | Source: 10-K Annual Report | Page: 8 | 2019: 433 | 2020: 523 | 2021: 644 | 2022: 963 | 2023: 1,208 | YoY: 25%"
tesla_p8_t1,tesla,8,12, | 2019 | 2020 | 2021 | 2022 | 2023 | YoY,"Company: Tesla | Source: 10-K Annual Report | Page: 8 | 2019: 758 | 2020: 894 | 2021: 1,281 | 2022: 1,584 | 2023: 1,909 | YoY: 21%"
tesla_p8_t1,tesla,8,13, | 2019 | 2020 | 2021 | 2022 | 2023 | YoY,"Company: Tesla | Source: 10-K Annual Report | Page: 8 | 2019: 1,821 | 2020: 2,564 | 2021: 3,476 | 2022: 4,678 | 2023: 5,952 | YoY: 27%"
tesla_p8_t1,tesla,8,14, | 2019 | 2020 | 2021 | 2022 | 2023 | YoY,"Company: Tesla | Source: 10-K Annual Report | Page: 8 | 2019: 16,104 | 2020: 23,277 | 2021: 31,498 | 2022: 42,419 | 2023: 54,892 | YoY: 29%"
tesla_p9_t1,tesla,9,0,Current Installed Annual Vehicle Capacity |  |  | ,Company: Tesla | Source: 10-K Annual Report | Page: 9 | Current Installed Annual Vehicle Capacity: Region
tesla_p9_t1,tesla,9,1,Current Installed Annual Vehicle Capacity |  |  | ,Company: Tesla | Source: 10-K Annual Report | Page: 9 | Current Installed Annual Vehicle Capacity: California
tesla_p9_t1,tesla,9,3,Current Installed Annual Vehicle Capacity |  |  | ,Company: Tesla | Source: 10-K Annual Report | Page: 9 | Current Installed Annual Vehicle Capacity: Shanghai
tesla_p9_t1,tesla,9,4,Current Installed Annual Vehicle Capacity |  |  | ,Company: Tesla | Source: 10-K Annual Report | Page: 9 | Current Installed Annual Vehicle Capacity: Berlin
tesla_p9_t1,tesla,9,5,Current Installed Annual Vehicle Capacity |  |  | ,Company: Tesla | Source: 10-K Annual Report | Page: 9 | Current Installed Annual Vehicle Capacity: Texas
tesla_p9_t1,tesla,9,7,Current Installed Annual Vehicle Capacity |  |  | ,Company: Tesla | Source: 10-K Annual Report | Page: 9 | Current Installed Annual Vehicle Capacity: Nevada
tesla_p9_t1,tesla,9,8,Current Installed Annual Vehicle Capacity |  |  | ,Company: Tesla | Source: 10-K Annual Report | Page: 9 | Current Installed Annual Vehicle Capacity: Various
tesla_p9_t1,tesla,9,9,Current Installed Annual Vehicle Capacity |  |  | ,Company: Tesla | Source: 10-K Annual Report | Page: 9 | Current Installed Annual Vehicle Capacity: TBD
tesla_p25_t1,tesla,25,7,REVENUES |  |  |  |  | ,Company: Tesla | Source: 10-K Annual Report | Page: 25 | REVENUES: COST OF REVENUES
tesla_p25_t1,tesla,25,15,REVENUES |  |  |  |  | ,Company: Tesla | Source: 10-K Annual Report | Page: 25 | REVENUES: OPERATING EXPENSES
tesla_p25_t1,tesla,25,20,REVENUES |  |  |  |  | ,Company: Tesla | Source: 10-K Annual Report | Page: 25 | REVENUES: INCOME FROM OPERATIONS
tesla_p25_t1,tesla,25,24,REVENUES |  |  |  |  | ,Company: Tesla | Source: 10-K Annual Report | Page: 25 | REVENUES: INCOME BEFORE INCOME TAXES
tesla_p25_t1,tesla,25,26,REVENUES |  |  |  |  | ,Company: Tesla | Source: 10-K Annual Report | Page: 25 | REVENUES: NET INCOME
tesla_p25_t1,tesla,25,28,REVENUES |  |  |  |  | ,Company: Tesla | Source: 10-K Annual Report | Page: 25 | REVENUES: NET INCOME ATTRIBUTABLE TO COMMON STOCKHOLDERS
tesla_p26_t1,tesla,26,14,ASSETS |  |  |  |  | ,Company: Tesla | Source: 10-K Annual Report | Page: 26 | ASSETS: LIABILITIES AND EQUITY
tesla_p27_t1,tesla,27,7,CASH FLOWS FROM OPERATING ACTIVITIES |  |  |  |  | ,Company: Tesla | Source: 10-K Annual Report | Page: 27 | CASH FLOWS FROM OPERATING ACTIVITIES: CASH FLOWS FROM INVESTING ACTIVITIES
tesla_p27_t1,tesla,27,16,CASH FLOWS FROM OPERATING ACTIVITIES |  |  |  |  | ,Company: Tesla | Source: 10-K Annual Report | Page: 27 | CASH FLOWS FROM OPERATING ACTIVITIES: CASH FLOWS FROM FINANCING ACTIVITIES
tesla_p28_t1,tesla,28,0," |  |  |  |  | 7,928","Company: Tesla | Source: 10-K Annual Report | Page: 28 | 7,928: 484"
tesla_p28_t1,tesla,28,1," |  |  |  |  | 7,928","Company: Tesla | Source: 10-K Annual Report | Page: 28 | 7,928: (5,927)"
tesla_p28_t1,tesla,28,2," |  |  |  |  | 7,928","Company: Tesla | Source: 10-K Annual Report | Page: 28 | 7,928: 2,485"
tesla_p28_t1,tesla,28,3," |  |  |  |  | 7,928","Company: Tesla | Source: 10-K Annual Report | Page: 28 | 7,928: 1"
tesla_p28_t1,tesla,28,4," |  |  |  |  | 7,928","Company: Tesla | Source: 10-K Annual Report | Page: 28 | 7,928: 2,484"
tesla_p28_t1,tesla,28,5," |  |  |  |  | 7,928","Company: Tesla | Source: 10-K Annual Report | Page: 28 | 7,928: 2.27"
tesla_p28_t1,tesla,28,6," |  |  |  |  | 7,928","Company: Tesla | Source: 10-K Annual Report | Page: 28 | 7,928: 0.14"
tesla_p28_t1,tesla,28,7," |  |  |  |  | 7,928","Company: Tesla | Source: 10-K Annual Report | Page: 28 | 7,928: (1.70)"
tesla_p28_t1,tesla,28,8," |  |  |  |  | 7,928","Company: Tesla | Source: 10-K Annual Report | Page: 28 | 7,928: 0.71"
tesla_p28_t1,tesla,28,9," |  |  |  |  | 7,928","Company: Tesla | Source: 10-K Annual Report | Page: 28 | 7,928: 3,492"
tesla_p28_t1,tesla,28,10," |  |  |  |  | 7,928","Company: Tesla | Source: 10-K Annual Report | Page: 28 | 7,928: 7,928"
tesla_p28_t1,tesla,28,11," |  |  |  |  | 7,928","Company: Tesla | Source: 10-K Annual Report | Page: 28 | 7,928: 61"
tesla_p28_t1,tesla,28,12," |  |  |  |  | 7,928","Company: Tesla | Source: 10-K Annual Report | Page: 28 | 7,928: (5,752)"
tesla_p28_t1,tesla,28,13," |  |  |  |  | 7,928","Company: Tesla | Source: 10-K Annual Report | Page: 28 | 7,928: 1,232"
tesla_p28_t1,tesla,28,14," |  |  |  |  | 7,928","Company: Tesla | Source: 10-K Annual Report | Page: 28 | 7,928: 484"
tesla_p28_t1,tesla,28,15," |  |  |  |  | 7,928","Company: Tesla | Source: 10-K Annual Report | Page: 28 | 7,928: 3,953"
tesla_p28_t1,tesla,28,16," |  |  |  |  | 7,928","Company: Tesla | Source: 10-K Annual Report | Page: 28 | 7,928: 25,167"
tesla_p28_t1,tesla,28,17," |  |  |  |  | 7,928","Company: Tesla | Source: 10-K Annual Report | Page: 28 | 7,928: 15.7%"
tesla_p29_t1,tesla,29,0," |  |  |  |  | 14,997","Company: Tesla | Source: 10-K Annual Report | Page: 29 | 14,997: 1,812"
tesla_p29_t1,tesla,29,1," |  |  |  |  | 14,997","Company: Tesla | Source: 10-K Annual Report | Page: 29 | 14,997: (5,927)"
tesla_p29_t1,tesla,29,2," |  |  |  |  | 14,997","Company: Tesla | Source: 10-K Annual Report | Page: 29 | 14,997: 10,882"
tesla_p29_t1,tesla,29,3," |  |  |  |  | 14,997","Company: Tesla | Source: 10-K Annual Report | Page: 29 | 14,997: (2)"
tesla_p29_t1,tesla,29,4," |  |  |  |  | 14,997","Company: Tesla | Source: 10-K Annual Report | Page: 29 | 14,997: —"
tesla_p29_t1,tesla,29,5," |  |  |  |  | 14,997","Company: Tesla | Source: 10-K Annual Report | Page: 29 | 14,997: 10,884"
tesla_p29_t1,tesla,29,6," |  |  |  |  | 14,997","Company: Tesla | Source: 10-K Annual Report | Page: 29 | 14,997: 4.30"
tesla_p29_t1,tesla,29,7," |  |  |  |  | 14,997","Company: Tesla | Source: 10-K Annual Report | Page: 29 | 14,997: 0.52"
tesla_p29_t1,tesla,29,8," |  |  |  |  | 14,997","Company: Tesla | Source: 10-K Annual Report | Page: 29 | 14,997: (1.70)"
tesla_p29_t1,tesla,29,9," |  |  |  |  | 14,997","Company: Tesla | Source: 10-K Annual Report | Page: 29 | 14,997: 3.12"
tesla_p29_t1,tesla,29,10," |  |  |  |  | 14,997","Company: Tesla | Source: 10-K Annual Report | Page: 29 | 14,997: 3,485"
tesla_p29_t1,tesla,29,11," |  |  |  |  | 14,997","Company: Tesla | Source: 10-K Annual Report | Page: 29 | 14,997: 14,997"
tesla_p29_t1,tesla,29,12," |  |  |  |  | 14,997","Company: Tesla | Source: 10-K Annual Report | Page: 29 | 14,997: 156"
tesla_p29_t1,tesla,29,13," |  |  |  |  | 14,997","Company: Tesla | Source: 10-K Annual Report | Page: 29 | 14,997: (5,001)"
tesla_p29_t1,tesla,29,14," |  |  |  |  | 14,997","Company: Tesla | Source: 10-K Annual Report | Page: 29 | 14,997: 4,667"
tesla_p29_t1,tesla,29,15," |  |  |  |  | 14,997","Company: Tesla | Source: 10-K Annual Report | Page: 29 | 14,997: 1,812"
tesla_p29_t1,tesla,29,16," |  |  |  |  | 14,997","Company: Tesla | Source: 10-K Annual Report | Page: 29 | 14,997: 16,631"
tesla_p29_t1,tesla,29,17," |  |  |  |  | 14,997","Company: Tesla | Source: 10-K Annual Report | Page: 29 | 14,997: 96,773"
tesla_p29_t1,tesla,29,18," |  |  |  |  | 14,997","Company: Tesla | Source: 10-K Annual Report | Page: 29 | 14,997: 17.2%"
tesla_p30_t1,tesla,30,0,In millions of USD | 2Q-2020 | 3Q-2020 | 4Q-2020 | 1Q-2021 | 2Q-2021 | 3Q-2021 | 4Q-2021 | 1Q-2022 | 2Q-2022 | 3Q-2022 | 4Q-2022 | 1Q-2023 | 2Q-2023 | 3Q-2023 | 4Q-2023,"Company: Tesla | Source: 10-K Annual Report | Page: 30 | In millions of USD: Net cash provided by operating activities (GAAP) | 2Q-2020: 964 | 3Q-2020: 2,400 | 4Q-2020: 3,019 | 1Q-2021: 1,641 | 2Q-2021: 2,124 | 3Q-2021: 3,147 | 4Q-2021: 4,585 | 1Q-2022: 3,995 | 2Q-2022: 2,351 | 3Q-2022: 5,100 | 4Q-2022: 3,278 | 1Q-2023: 2,513 | 2Q-2023: 3,065 | 3Q-2023: 3,308 | 4Q-2023: 4,370"
tesla_p30_t1,tesla,30,1,In millions of USD | 2Q-2020 | 3Q-2020 | 4Q-2020 | 1Q-2021 | 2Q-2021 | 3Q-2021 | 4Q-2021 | 1Q-2022 | 2Q-2022 | 3Q-2022 | 4Q-2022 | 1Q-2023 | 2Q-2023 | 3Q-2023 | 4Q-2023,"Company: Tesla | Source: 10-K Annual Report | Page: 30 | In millions of USD: Capital expenditures | 2Q-2020: (546) | 3Q-2020: (1,005) | 4Q-2020: (1,151) | 1Q-2021: (1,348) | 2Q-2021: (1,505) | 3Q-2021: (1,819) | 4Q-2021: (1,810) | 1Q-2022: (1,767) | 2Q-2022: (1,730) | 3Q-2022: (1,803) | 4Q-2022: (1,858) | 1Q-2023: (2,072) | 2Q-2023: (2,060) | 3Q-2023: (2,460) | 4Q-2023: (2,306)"
tesla_p30_t1,tesla,30,2,In millions of USD | 2Q-2020 | 3Q-2020 | 4Q-2020 | 1Q-2021 | 2Q-2021 | 3Q-2021 | 4Q-2021 | 1Q-2022 | 2Q-2022 | 3Q-2022 | 4Q-2022 | 1Q-2023 | 2Q-2023 | 3Q-2023 | 4Q-2023,"Company: Tesla | Source: 10-K Annual Report | Page: 30 | In millions of USD: Free cash flow (non-GAAP) | 2Q-2020: 418 | 3Q-2020: 1,395 | 4Q-2020: 1,868 | 1Q-2021: 293 | 2Q-2021: 619 | 3Q-2021: 1,328 | 4Q-2021: 2,775 | 1Q-2022: 2,228 | 2Q-2022: 621 | 3Q-2022: 3,297 | 4Q-2022: 1,420 | 1Q-2023: 441 | 2Q-2023: 1,005 | 3Q-2023: 848 | 4Q-2023: 2,064"
tesla_p30_t1,tesla,30,3,In millions of USD | 2Q-2020 | 3Q-2020 | 4Q-2020 | 1Q-2021 | 2Q-2021 | 3Q-2021 | 4Q-2021 | 1Q-2022 | 2Q-2022 | 3Q-2022 | 4Q-2022 | 1Q-2023 | 2Q-2023 | 3Q-2023 | 4Q-2023,Company: Tesla | Source: 10-K Annual Report | Page: 30 | In millions of USD: In millions of USD | 2Q-2020: 2Q-2020 | 3Q-2020: 3Q-2020 | 4Q-2020: 4Q-2020 | 1Q-2021: 1Q-2021 | 2Q-2021: 2Q-2021 | 3Q-2021: 3Q-2021 | 4Q-2021: 4Q-2021 | 1Q-2022: 1Q-2022 | 2Q-2022: 2Q-2022 | 3Q-2022: 3Q-2022 | 4Q-2022: 4Q-2022 | 1Q-2023: 1Q-2023 | 2Q-2023: 2Q-2023 | 3Q-2023: 3Q-2023 | 4Q-2023: 4Q-2023
tesla_p30_t1,tesla,30,4,In millions of USD | 2Q-2020 | 3Q-2020 | 4Q-2020 | 1Q-2021 | 2Q-2021 | 3Q-2021 | 4Q-2021 | 1Q-2022 | 2Q-2022 | 3Q-2022 | 4Q-2022 | 1Q-2023 | 2Q-2023 | 3Q-2023 | 4Q-2023,"Company: Tesla | Source: 10-K Annual Report | Page: 30 | In millions of USD: Net income attributable to common stockholders (GAAP) | 2Q-2020: 104 | 3Q-2020: 331 | 4Q-2020: 270 | 1Q-2021: 438 | 2Q-2021: 1,142 | 3Q-2021: 1,618 | 4Q-2021: 2,321 | 1Q-2022: 3,318 | 2Q-2022: 2,259 | 3Q-2022: 3,292 | 4Q-2022: 3,687 | 1Q-2023: 2,513 | 2Q-2023: 2,703 | 3Q-2023: 1,853 | 4Q-2023: 7,928"
tesla_p30_t1,tesla,30,5,In millions of USD | 2Q-2020 | 3Q-2020 | 4Q-2020 | 1Q-2021 | 2Q-2021 | 3Q-2021 | 4Q-2021 | 1Q-2022 | 2Q-2022 | 3Q-2022 | 4Q-2022 | 1Q-2023 | 2Q-2023 | 3Q-2023 | 4Q-2023,Company: Tesla | Source: 10-K Annual Report | Page: 30 | In millions of USD: Interest expense | 2Q-2020: 170 | 3Q-2020: 163 | 4Q-2020: 246 | 1Q-2021: 99 | 2Q-2021: 75 | 3Q-2021: 126 | 4Q-2021: 71 | 1Q-2022: 61 | 2Q-2022: 44 | 3Q-2022: 53 | 4Q-2022: 33 | 1Q-2023: 29 | 2Q-2023: 28 | 3Q-2023: 38 | 4Q-2023: 61
tesla_p30_t1,tesla,30,6,In millions of USD | 2Q-2020 | 3Q-2020 | 4Q-2020 | 1Q-2021 | 2Q-2021 | 3Q-2021 | 4Q-2021 | 1Q-2022 | 2Q-2022 | 3Q-2022 | 4Q-2022 | 1Q-2023 | 2Q-2023 | 3Q-2023 | 4Q-2023,"Company: Tesla | Source: 10-K Annual Report | Page: 30 | In millions of USD: Provision for (benefit from) income taxes | 2Q-2020: 21 | 3Q-2020: 186 | 4Q-2020: 83 | 1Q-2021: 69 | 2Q-2021: 115 | 3Q-2021: 223 | 4Q-2021: 292 | 1Q-2022: 346 | 2Q-2022: 205 | 3Q-2022: 305 | 4Q-2022: 276 | 1Q-2023: 261 | 2Q-2023: 323 | 3Q-2023: 167 | 4Q-2023: (5,752)"
tesla_p30_t1,tesla,30,7,In millions of USD | 2Q-2020 | 3Q-2020 | 4Q-2020 | 1Q-2021 | 2Q-2021 | 3Q-2021 | 4Q-2021 | 1Q-2022 | 2Q-2022 | 3Q-2022 | 4Q-2022 | 1Q-2023 | 2Q-2023 | 3Q-2023 | 4Q-2023,"Company: Tesla | Source: 10-K Annual Report | Page: 30 | In millions of USD: Depreciation, amortization and impairment | 2Q-2020: 567 | 3Q-2020: 584 | 4Q-2020: 618 | 1Q-2021: 621 | 2Q-2021: 681 | 3Q-2021: 761 | 4Q-2021: 848 | 1Q-2022: 880 | 2Q-2022: 922 | 3Q-2022: 956 | 4Q-2022: 989 | 1Q-2023: 1,046 | 2Q-2023: 1,154 | 3Q-2023: 1,235 | 4Q-2023: 1,232"
tesla_p30_t1,tesla,30,8,In millions of USD | 2Q-2020 | 3Q-2020 | 4Q-2020 | 1Q-2021 | 2Q-2021 | 3Q-2021 | 4Q-2021 | 1Q-2022 | 2Q-2022 | 3Q-2022 | 4Q-2022 | 1Q-2023 | 2Q-2023 | 3Q-2023 | 4Q-2023,Company: Tesla | Source: 10-K Annual Report | Page: 30 | In millions of USD: Stock-based compensation expense | 2Q-2020: 347 | 3Q-2020: 543 | 4Q-2020: 633 | 1Q-2021: 614 | 2Q-2021: 474 | 3Q-2021: 475 | 4Q-2021: 558 | 1Q-2022: 418 | 2Q-2022: 361 | 3Q-2022: 362 | 4Q-2022: 419 | 1Q-2023: 418 | 2Q-2023: 445 | 3Q-2023: 465 | 4Q-2023: 484
tesla_p30_t1,tesla,30,9,In millions of USD | 2Q-2020 | 3Q-2020 | 4Q-2020 | 1Q-2021 | 2Q-2021 | 3Q-2021 | 4Q-2021 | 1Q-2022 | 2Q-2022 | 3Q-2022 | 4Q-2022 | 1Q-2023 | 2Q-2023 | 3Q-2023 | 4Q-2023,"Company: Tesla | Source: 10-K Annual Report | Page: 30 | In millions of USD: Adjusted EBITDA (non-GAAP) | 2Q-2020: 1,209 | 3Q-2020: 1,807 | 4Q-2020: 1,850 | 1Q-2021: 1,841 | 2Q-2021: 2,487 | 3Q-2021: 3,203 | 4Q-2021: 4,090 | 1Q-2022: 5,023 | 2Q-2022: 3,791 | 3Q-2022: 4,968 | 4Q-2022: 5,404 | 1Q-2023: 4,267 | 2Q-2023: 4,653 | 3Q-2023: 3,758 | 4Q-2023: 3,953"
tesla_p30_t2,tesla,30,0,In millions of USD | 1Q-2021 | 2Q-2021 | 3Q-2021 | 4Q-2021 | 1Q-2022 | 2Q-2022 | 3Q-2022 | 4Q-2022 | 1Q-2023 | 2Q-2023 | 3Q-2023 | 4Q-2023,"Company: Tesla | Source: 10-K Annual Report | Page: 30 | In millions of USD: Net cash provided by operating activities – TTM (GAAP) | 1Q-2021: 8,024 | 2Q-2021: 9,184 | 3Q-2021: 9,931 | 4Q-2021: 11,497 | 1Q-2022: 13,851 | 2Q-2022: 14,078 | 3Q-2022: 16,031 | 4Q-2022: 14,724 | 1Q-2023: 13,242 | 2Q-2023: 13,956 | 3Q-2023: 12,164 | 4Q-2023: 13,256"
tesla_p30_t2,tesla,30,1,In millions of USD | 1Q-2021 | 2Q-2021 | 3Q-2021 | 4Q-2021 | 1Q-2022 | 2Q-2022 | 3Q-2022 | 4Q-2022 | 1Q-2023 | 2Q-2023 | 3Q-2023 | 4Q-2023,"Company: Tesla | Source: 10-K Annual Report | Page: 30 | In millions of USD: Capital expenditures – TTM | 1Q-2021: (4,050) | 2Q-2021: (5,009) | 3Q-2021: (5,823) | 4Q-2021: (6,482) | 1Q-2022: (6,901) | 2Q-2022: (7,126) | 3Q-2022: (7,110) | 4Q-2022: (7,158) | 1Q-2023: (7,463) | 2Q-2023: (7,793) | 3Q-2023: (8,450) | 4Q-2023: (8,898)"
tesla_p30_t2,tesla,30,2,In millions of USD | 1Q-2021 | 2Q-2021 | 3Q-2021 | 4Q-2021 | 1Q-2022 | 2Q-2022 | 3Q-2022 | 4Q-2022 | 1Q-2023 | 2Q-2023 | 3Q-2023 | 4Q-2023,"Company: Tesla | Source: 10-K Annual Report | Page: 30 | In millions of USD: Free cash flow – TTM (non-GAAP) | 1Q-2021: 3,974 | 2Q-2021: 4,175 | 3Q-2021: 4,108 | 4Q-2021: 5,015 | 1Q-2022: 6,950 | 2Q-2022: 6,952 | 3Q-2022: 8,921 | 4Q-2022: 7,566 | 1Q-2023: 5,779 | 2Q-2023: 6,163 | 3Q-2023: 3,714 | 4Q-2023: 4,358"
tesla_p30_t2,tesla,30,3,In millions of USD | 1Q-2021 | 2Q-2021 | 3Q-2021 | 4Q-2021 | 1Q-2022 | 2Q-2022 | 3Q-2022 | 4Q-2022 | 1Q-2023 | 2Q-2023 | 3Q-2023 | 4Q-2023,Company: Tesla | Source: 10-K Annual Report | Page: 30 | In millions of USD: In millions of USD | 1Q-2021: 1Q-2021 | 2Q-2021: 2Q-2021 | 3Q-2021: 3Q-2021 | 4Q-2021: 4Q-2021 | 1Q-2022: 1Q-2022 | 2Q-2022: 2Q-2022 | 3Q-2022: 3Q-2022 | 4Q-2022: 4Q-2022 | 1Q-2023: 1Q-2023 | 2Q-2023: 2Q-2023 | 3Q-2023: 3Q-2023 | 4Q-2023: 4Q-2023
tesla_p30_t2,tesla,30,4,In millions of USD | 1Q-2021 | 2Q-2021 | 3Q-2021 | 4Q-2021 | 1Q-2022 | 2Q-2022 | 3Q-2022 | 4Q-2022 | 1Q-2023 | 2Q-2023 | 3Q-2023 | 4Q-2023,"Company: Tesla | Source: 10-K Annual Report | Page: 30 | In millions of USD: Net income attributable to common stockholders – TTM (GAAP) | 1Q-2021: 1,143 | 2Q-2021: 2,181 | 3Q-2021: 3,468 | 4Q-2021: 5,519 | 1Q-2022: 8,399 | 2Q-2022: 9,516 | 3Q-2022: 11,190 | 4Q-2022: 12,556 | 1Q-2023: 11,751 | 2Q-2023: 12,195 | 3Q-2023: 10,756 | 4Q-2023: 14,997"
tesla_p30_t2,tesla,30,5,In millions of USD | 1Q-2021 | 2Q-2021 | 3Q-2021 | 4Q-2021 | 1Q-2022 | 2Q-2022 | 3Q-2022 | 4Q-2022 | 1Q-2023 | 2Q-2023 | 3Q-2023 | 4Q-2023,Company: Tesla | Source: 10-K Annual Report | Page: 30 | In millions of USD: Interest expense – TTM | 1Q-2021: 678 | 2Q-2021: 583 | 3Q-2021: 546 | 4Q-2021: 371 | 1Q-2022: 333 | 2Q-2022: 302 | 3Q-2022: 229 | 4Q-2022: 191 | 1Q-2023: 159 | 2Q-2023: 143 | 3Q-2023: 128 | 4Q-2023: 156
tesla_p30_t2,tesla,30,6,In millions of USD | 1Q-2021 | 2Q-2021 | 3Q-2021 | 4Q-2021 | 1Q-2022 | 2Q-2022 | 3Q-2022 | 4Q-2022 | 1Q-2023 | 2Q-2023 | 3Q-2023 | 4Q-2023,"Company: Tesla | Source: 10-K Annual Report | Page: 30 | In millions of USD: Provision for (benefit from) income taxes – TTM | 1Q-2021: 359 | 2Q-2021: 453 | 3Q-2021: 490 | 4Q-2021: 699 | 1Q-2022: 976 | 2Q-2022: 1,066 | 3Q-2022: 1,148 | 4Q-2022: 1,132 | 1Q-2023: 1,047 | 2Q-2023: 1,165 | 3Q-2023: 1,027 | 4Q-2023: (5,001)"
tesla_p30_t2,tesla,30,7,In millions of USD | 1Q-2021 | 2Q-2021 | 3Q-2021 | 4Q-2021 | 1Q-2022 | 2Q-2022 | 3Q-2022 | 4Q-2022 | 1Q-2023 | 2Q-2023 | 3Q-2023 | 4Q-2023,"Company: Tesla | Source: 10-K Annual Report | Page: 30 | In millions of USD: Depreciation, amortization and impairment – TTM | 1Q-2021: 2,390 | 2Q-2021: 2,504 | 3Q-2021: 2,681 | 4Q-2021: 2,911 | 1Q-2022: 3,170 | 2Q-2022: 3,411 | 3Q-2022: 3,606 | 4Q-2022: 3,747 | 1Q-2023: 3,913 | 2Q-2023: 4,145 | 3Q-2023: 4,424 | 4Q-2023: 4,667"
tesla_p30_t2,tesla,30,8,In millions of USD | 1Q-2021 | 2Q-2021 | 3Q-2021 | 4Q-2021 | 1Q-2022 | 2Q-2022 | 3Q-2022 | 4Q-2022 | 1Q-2023 | 2Q-2023 | 3Q-2023 | 4Q-2023,"Company: Tesla | Source: 10-K Annual Report | Page: 30 | In millions of USD: Stock-based compensation expense – TTM | 1Q-2021: 2,137 | 2Q-2021: 2,264 | 3Q-2021: 2,196 | 4Q-2021: 2,121 | 1Q-2022: 1,925 | 2Q-2022: 1,812 | 3Q-2022: 1,699 | 4Q-2022: 1,560 | 1Q-2023: 1,560 | 2Q-2023: 1,644 | 3Q-2023: 1,747 | 4Q-2023: 1,812"
tesla_p30_t2,tesla,30,9,In millions of USD | 1Q-2021 | 2Q-2021 | 3Q-2021 | 4Q-2021 | 1Q-2022 | 2Q-2022 | 3Q-2022 | 4Q-2022 | 1Q-2023 | 2Q-2023 | 3Q-2023 | 4Q-2023,"Company: Tesla | Source: 10-K Annual Report | Page: 30 | In millions of USD: Adjusted EBITDA – TTM (non-GAAP) | 1Q-2021: 6,707 | 2Q-2021: 7,985 | 3Q-2021: 9,381 | 4Q-2021: 11,621 | 1Q-2022: 14,803 | 2Q-2022: 16,107 | 3Q-2022: 17,872 | 4Q-2022: 19,186 | 1Q-2023: 18,430 | 2Q-2023: 19,292 | 3Q-2023: 18,082 | 4Q-2023: 16,631"
nvidia_p34_t2,nvidia,34,0,"Launched | the Blackwell GPU architecture, powering a wave of upcoming data center-scale platforms for the",Company: Nvidia | Source: 10-K Annual Report | Page: 34 | Launched: trillion-parameter-scale AI
nvidia_p35_t1,nvidia,35,0,"FOR each More FOR than
1 Election of twelve directors 15 None None
director nominee AGAINST votes | ","Company: Nvidia | Source: 10-K Annual Report | Page: 35 | FOR each More FOR than
1 Election of twelve directors 15 None None
director nominee AGAINST votes: Majority of
shares present, in
person or
Advisory approval of our
2 42 FOR represented by Against None
executive compensation
proxy, and
entitled to vote
on this matter"
nvidia_p35_t1,nvidia,35,1,"FOR each More FOR than
1 Election of twelve directors 15 None None
director nominee AGAINST votes | ","Company: Nvidia | Source: 10-K Annual Report | Page: 35 | FOR each More FOR than
1 Election of twelve directors 15 None None
director nominee AGAINST votes: Majority of
shares present, in
Ratification of the selection of
person or
PwC as our independent
3 65 FOR represented by Against N/A (1)
registered public accounting
proxy, and
firm for Fiscal 2025
entitled to vote
on this matter"
nvidia_p35_t1,nvidia,35,2,"FOR each More FOR than
1 Election of twelve directors 15 None None
director nominee AGAINST votes | ","Company: Nvidia | Source: 10-K Annual Report | Page: 35 | FOR each More FOR than
1 Election of twelve directors 15 None None
director nominee AGAINST votes: Stockholder Proposal:"
nvidia_p35_t1,nvidia,35,3,"FOR each More FOR than
1 Election of twelve directors 15 None None
director nominee AGAINST votes | ","Company: Nvidia | Source: 10-K Annual Report | Page: 35 | FOR each More FOR than
1 Election of twelve directors 15 None None
director nominee AGAINST votes: Majority of
shares present, in
person or
No voting
4 Simple Majority Vote 68 represented by Against None
recommendation
proxy, and
entitled to vote
on this matter"
nvidia_p38_t1,nvidia,38,0,PERFORMANCE GOALS | ,"Company: Nvidia | Source: 10-K Annual Report | Page: 38 | PERFORMANCE GOALS: Variable Cash Plan SY PSUs MY PSUs
Shares
Fiscal 2022 to
Payout as a Eligible to
Fiscal 2024 Fiscal 2024 Non-GAAP Shares Eligible to Vest as a 2024
% of Target Vest as a % of
Revenue Operating Income (1) % of Target Opportunity 3-Year Relative
Opportunity Target
TSR
Opportunity"
nvidia_p38_t1,nvidia,38,2,PERFORMANCE GOALS | ,Company: Nvidia | Source: 10-K Annual Report | Page: 38 | PERFORMANCE GOALS: Threshold $20.0 billion 20% $4.6 billion 20% 25th percentile 25%
nvidia_p38_t1,nvidia,38,3,PERFORMANCE GOALS | ,"Company: Nvidia | Source: 10-K Annual Report | Page: 38 | PERFORMANCE GOALS: Base Compensation
$26.0 billion 100% $9.4 billion 100% 50th percentile 100%
Plan"
nvidia_p38_t1,nvidia,38,4,PERFORMANCE GOALS | ,"Company: Nvidia | Source: 10-K Annual Report | Page: 38 | PERFORMANCE GOALS: CEO 150%
Other NEOs 200% CEO 150%
Stretch
$29.5 billion 200% $11.9 billion 75th percentile Other NEOs
Compensation Plan
Additional 50% possible for 200%
all NEOs (2)"
nvidia_p38_t2,nvidia,38,0,PERFORMANCE ACHIEVEMENT AND PAYOUTS |  |  |  |  | ,Company: Nvidia | Source: 10-K Annual Report | Page: 38 | PERFORMANCE ACHIEVEMENT AND PAYOUTS: Variable Cash Plan SY PSUs MY PSUs
nvidia_p38_t2,nvidia,38,1,PERFORMANCE ACHIEVEMENT AND PAYOUTS |  |  |  |  | ,"Company: Nvidia | Source: 10-K Annual Report | Page: 38 | PERFORMANCE ACHIEVEMENT AND PAYOUTS: Performance
Achievement for
Period Ended Fiscal
2024 (3)"
nvidia_p38_t2,nvidia,38,2,PERFORMANCE ACHIEVEMENT AND PAYOUTS |  |  |  |  | ,"Company: Nvidia | Source: 10-K Annual Report | Page: 38 | PERFORMANCE ACHIEVEMENT AND PAYOUTS: Payout as % of With Additional SY PSUs, CEO 200% CEO 150%
200%
Target Opportunity Other NEOs 250% Other NEOs 200%"
nvidia_p66_t1,nvidia,66,0,"Robert K. Burgess 85,000 274,268 359,268 |  | ","Company: Nvidia | Source: 10-K Annual Report | Page: 66 | Robert K. Burgess 85,000 274,268 359,268: Tench Coxe 85,000 274,268 359,268"
nvidia_p66_t1,nvidia,66,1,"Robert K. Burgess 85,000 274,268 359,268 |  | ","Company: Nvidia | Source: 10-K Annual Report | Page: 66 | Robert K. Burgess 85,000 274,268 359,268: John O. Dabiri 85,000 274,268 359,268"
nvidia_p66_t1,nvidia,66,2,"Robert K. Burgess 85,000 274,268 359,268 |  | ","Company: Nvidia | Source: 10-K Annual Report | Page: 66 | Robert K. Burgess 85,000 274,268 359,268: Persis S. Drell 85,000 274,268 359,268"
nvidia_p66_t1,nvidia,66,3,"Robert K. Burgess 85,000 274,268 359,268 |  | ","Company: Nvidia | Source: 10-K Annual Report | Page: 66 | Robert K. Burgess 85,000 274,268 359,268: Dawn Hudson 85,000 274,268 359,268"
nvidia_p66_t1,nvidia,66,4,"Robert K. Burgess 85,000 274,268 359,268 |  | ","Company: Nvidia | Source: 10-K Annual Report | Page: 66 | Robert K. Burgess 85,000 274,268 359,268: Harvey C. Jones 85,000 274,268 359,268"
nvidia_p66_t1,nvidia,66,5,"Robert K. Burgess 85,000 274,268 359,268 |  | ","Company: Nvidia | Source: 10-K Annual Report | Page: 66 | Robert K. Burgess 85,000 274,268 359,268: Melissa B. Lora (2) 56,000 525,372"
nvidia_p66_t1,nvidia,66,6,"Robert K. Burgess 85,000 274,268 359,268 |  | ","Company: Nvidia | Source: 10-K Annual Report | Page: 66 | Robert K. Burgess 85,000 274,268 359,268: Michael G. McCaffery 85,000 274,268 359,268"
nvidia_p66_t1,nvidia,66,7,"Robert K. Burgess 85,000 274,268 359,268 |  | ","Company: Nvidia | Source: 10-K Annual Report | Page: 66 | Robert K. Burgess 85,000 274,268 359,268: Stephen C. Neal 85,000 274,268 359,268"
nvidia_p66_t1,nvidia,66,8,"Robert K. Burgess 85,000 274,268 359,268 |  | ","Company: Nvidia | Source: 10-K Annual Report | Page: 66 | Robert K. Burgess 85,000 274,268 359,268: Mark L. Perry 85,000 274,268 359,268"
nvidia_p66_t1,nvidia,66,9,"Robert K. Burgess 85,000 274,268 359,268 |  | ","Company: Nvidia | Source: 10-K Annual Report | Page: 66 | Robert K. Burgess 85,000 274,268 359,268: A. Brooke Seawell 85,000 274,268 359,268"
nvidia_p66_t1,nvidia,66,10,"Robert K. Burgess 85,000 274,268 359,268 |  | ","Company: Nvidia | Source: 10-K Annual Report | Page: 66 | Robert K. Burgess 85,000 274,268 359,268: Aarti Shah 85,000 274,268 359,268"
nvidia_p66_t1,nvidia,66,11,"Robert K. Burgess 85,000 274,268 359,268 |  | ","Company: Nvidia | Source: 10-K Annual Report | Page: 66 | Robert K. Burgess 85,000 274,268 359,268: Mark A. Stevens 85,000 274,268 359,268"
nvidia_p67_t2,nvidia,67,0,Name | RSUs,Company: Nvidia | Source: 10-K Annual Report | Page: 67 | Name: Michael G. McCaffery 325
nvidia_p67_t2,nvidia,67,1,Name | RSUs,Company: Nvidia | Source: 10-K Annual Report | Page: 67 | Name: Stephen C. Neal 325
nvidia_p67_t2,nvidia,67,2,Name | RSUs,Company: Nvidia | Source: 10-K Annual Report | Page: 67 | Name: Mark L. Perry 325
nvidia_p67_t2,nvidia,67,3,Name | RSUs,Company: Nvidia | Source: 10-K Annual Report | Page: 67 | Name: A. Brooke Seawell 325
nvidia_p67_t2,nvidia,67,4,Name | RSUs,Company: Nvidia | Source: 10-K Annual Report | Page: 67 | Name: Aarti Shah 325
nvidia_p67_t2,nvidia,67,5,Name | RSUs,Company: Nvidia | Source: 10-K Annual Report | Page: 67 | Name: Mark A. Stevens 325
nvidia_p78_t1,nvidia,78,0,PERFORMANCE METRICS |  |  |  |  | ,Company: Nvidia | Source: 10-K Annual Report | Page: 78 | PERFORMANCE METRICS: Variable Cash Plan SY PSUs MY PSUs
nvidia_p78_t1,nvidia,78,1,PERFORMANCE METRICS |  |  |  |  | ,Company: Nvidia | Source: 10-K Annual Report | Page: 78 | PERFORMANCE METRICS: Metric
nvidia_p78_t1,nvidia,78,2,PERFORMANCE METRICS |  |  |  |  | ,Company: Nvidia | Source: 10-K Annual Report | Page: 78 | PERFORMANCE METRICS: Timeframe
nvidia_p78_t1,nvidia,78,3,PERFORMANCE METRICS |  |  |  |  | ,Company: Nvidia | Source: 10-K Annual Report | Page: 78 | PERFORMANCE METRICS: CC’s Rationale for Metric
nvidia_p79_t1,nvidia,79,0,PERFORMANCE ACHIEVEMENT AND PAYOUTS |  |  |  |  | ,Company: Nvidia | Source: 10-K Annual Report | Page: 79 | PERFORMANCE ACHIEVEMENT AND PAYOUTS: Variable Cash Plan SY PSUs MY PSUs (1)
nvidia_p79_t1,nvidia,79,1,PERFORMANCE ACHIEVEMENT AND PAYOUTS |  |  |  |  | ,"Company: Nvidia | Source: 10-K Annual Report | Page: 79 | PERFORMANCE ACHIEVEMENT AND PAYOUTS: Performance
Achievement for Period
Ended Fiscal 2024 (2)"
nvidia_p79_t1,nvidia,79,2,PERFORMANCE ACHIEVEMENT AND PAYOUTS |  |  |  |  | ,"Company: Nvidia | Source: 10-K Annual Report | Page: 79 | PERFORMANCE ACHIEVEMENT AND PAYOUTS: Payout as % of Target
Opportunity"
nvidia_p80_t1,nvidia,80,0,"Base Salary 1,000,000 Flat with Fiscal 2023 |  | ","Company: Nvidia | Source: 10-K Annual Report | Page: 80 | Base Salary 1,000,000 Flat with Fiscal 2023: Fiscal 2024 revenue exceeded Stretch Compensation Plan
Variable Cash 2,000,000 Flat with Fiscal 2023 goal, resulting in 200% payout under Variable Cash Plan
($4,000,000)"
nvidia_p80_t1,nvidia,80,1,"Base Salary 1,000,000 Flat with Fiscal 2023 |  | ","Company: Nvidia | Source: 10-K Annual Report | Page: 80 | Base Salary 1,000,000 Flat with Fiscal 2023: Cash 3,000,000 Flat with Fiscal 2023"
nvidia_p80_t1,nvidia,80,2,"Base Salary 1,000,000 Flat with Fiscal 2023 |  | ","Company: Nvidia | Source: 10-K Annual Report | Page: 80 | Base Salary 1,000,000 Flat with Fiscal 2023: Fiscal 2024 Non-GAAP Operating Income exceeded Stretch
Compensation Plan goal, resulting in 150% of target
Flat with Fiscal 2023, resulting in 50,491 opportunity becoming eligible to vest
shares target opportunity granted in Fiscal
SY PSUs 10,999,969
2024, with potential to earn Additional SY Fiscal 2024 Non-GAAP Gross Margin exceeded Stretch
PSUs Compensation Plan goal, resulting in Additional SY PSUs
equal to 50% of target opportunity becoming eligible to vest
(total 100,982 shares)"
nvidia_p80_t1,nvidia,80,3,"Base Salary 1,000,000 Flat with Fiscal 2023 |  | ","Company: Nvidia | Source: 10-K Annual Report | Page: 80 | Base Salary 1,000,000 Flat with Fiscal 2023: Fiscal 2022 to Fiscal 2024 3-Year Relative TSR for MY PSUs
Flat with Fiscal 2023, resulting in 50,491
granted in Fiscal 2022 achieved at Stretch Compensation
MY PSUs 10,999,969 shares target opportunity granted in Fiscal
Plan level, resulting in 150% of target opportunity (105,060
2024
shares) becoming eligible to vest"
nvidia_p80_t1,nvidia,80,4,"Base Salary 1,000,000 Flat with Fiscal 2023 |  | ","Company: Nvidia | Source: 10-K Annual Report | Page: 80 | Base Salary 1,000,000 Flat with Fiscal 2023: Equity 21,999,938 Flat with Fiscal 2023 target"
nvidia_p80_t1,nvidia,80,5,"Base Salary 1,000,000 Flat with Fiscal 2023 |  | ","Company: Nvidia | Source: 10-K Annual Report | Page: 80 | Base Salary 1,000,000 Flat with Fiscal 2023: TOTAL 24,999,938"
nvidia_p85_t1,nvidia,85,0,"Jen-Hsun Huang 2024 996,514 26,676,415 4,000,000 2,494,973 (3) | 34,167,902","Company: Nvidia | Source: 10-K Annual Report | Page: 85 | Jen-Hsun Huang 2024 996,514 26,676,415 4,000,000 2,494,973 (3): President and CEO
2023 996,832 19,666,382 — 693,710 21,356,924
2022 996,216 18,660,407 4,000,000 81,038 23,737,661"
nvidia_p85_t3,nvidia,85,0,"Timothy S. Teter 2024 847,037 9,687,599 500,000 13,902 | (4) | 11,048,538","Company: Nvidia | Source: 10-K Annual Report | Page: 85 | Timothy S. Teter 2024 847,037 9,687,599 500,000 13,902: Executive Vice President, General Counsel
2023 847,307 8,244,465 — 15,402 9,107,174
and Secretary
2022 846,784 6,483,557 500,000 12,402 7,842,743"
nvidia_p87_t1,nvidia,87,0,"Colette M. Kress |  | 2,636 | (8)
(2)
(3) |  | 1,608,777
4,423,527
3,759,510 |  | —
—
— |  |  | —
—
—","Company: Nvidia | Source: 10-K Annual Report | Page: 87 | 2,636: 7,248
6,160"
nvidia_p87_t1,nvidia,87,1,"Colette M. Kress |  | 2,636 | (8)
(2)
(3) |  | 1,608,777
4,423,527
3,759,510 |  | —
—
— |  |  | —
—
—","Company: Nvidia | Source: 10-K Annual Report | Page: 87 | 2,636: 21,192 (4) 12,933,690 — —"
nvidia_p87_t1,nvidia,87,2,"Colette M. Kress |  | 2,636 | (8)
(2)
(3) |  | 1,608,777
4,423,527
3,759,510 |  | —
—
— |  |  | —
—
—","Company: Nvidia | Source: 10-K Annual Report | Page: 87 | 2,636: 7,704 (9) 4,701,828
9,870 (10) 6,023,760
16,112 (11) 9,833,315"
nvidia_p87_t1,nvidia,87,3,"Colette M. Kress |  | 2,636 | (8)
(2)
(3) |  | 1,608,777
4,423,527
3,759,510 |  | —
—
— |  |  | —
—
—","Company: Nvidia | Source: 10-K Annual Report | Page: 87 | 2,636: 68,162 | (8)
(2)
(3): (5)"
nvidia_p87_t1,nvidia,87,5,"Colette M. Kress |  | 2,636 | (8)
(2)
(3) |  | 1,608,777
4,423,527
3,759,510 |  | —
—
— |  |  | —
—
—","Company: Nvidia | Source: 10-K Annual Report | Page: 87 | —
—
—: 3,024,696"
nvidia_p87_t2,nvidia,87,0,"Debora Shoquist | 2,288
6,288
4,832 | (8)
(2)
(3) | 1,396,389
3,837,629
2,949,018 |  | — —
— —
— —
— — |  |  |  | ","Company: Nvidia | Source: 10-K Annual Report | Page: 87 | 2,288
6,288
4,832: 16,616 (4) 10,140,911"
nvidia_p87_t2,nvidia,87,1,"Debora Shoquist | 2,288
6,288
4,832 | (8)
(2)
(3) | 1,396,389
3,837,629
2,949,018 |  | — —
— —
— —
— — |  |  |  | ","Company: Nvidia | Source: 10-K Annual Report | Page: 87 | 2,288
6,288
4,832: 6,040
8,133 | (8)
(2)
(3): (9)
(10)"
nvidia_p87_t2,nvidia,87,2,"Debora Shoquist | 2,288
6,288
4,832 | (8)
(2)
(3) | 1,396,389
3,837,629
2,949,018 |  | — —
— —
— —
— — |  |  |  | ","Company: Nvidia | Source: 10-K Annual Report | Page: 87 | 2,288
6,288
4,832: 13,277 (11) 8,103,086 — —"
nvidia_p87_t2,nvidia,87,3,"Debora Shoquist | 2,288
6,288
4,832 | (8)
(2)
(3) | 1,396,389
3,837,629
2,949,018 |  | — —
— —
— —
— — |  |  |  | ","Company: Nvidia | Source: 10-K Annual Report | Page: 87 | 2,288
6,288
4,832: 56,170
— | (8)
(2)
(3): (5) | 1,396,389
3,837,629
2,949,018: 34,281,113
— | — —
— —
— —
— —: —
3,614"
nvidia_p87_t2,nvidia,87,5,"Debora Shoquist | 2,288
6,288
4,832 | (8)
(2)
(3) | 1,396,389
3,837,629
2,949,018 |  | — —
— —
— —
— — |  |  |  | ","Company: Nvidia | Source: 10-K Annual Report | Page: 87 | 2,288
6,288
4,832: — — 4,084"
nvidia_p90_t1,nvidia,90,0,"Value of Initial Fixed $100
Investment Based on (7):
Average
Summary Summary Average Peer Group Non-GAAP
Compensation Compensation Compensation Compensation Total Total Operating
Table Total for Actually Paid Table Total for Actually Paid to Shareholder Shareholder Net Income Income
Fiscal CEO to CEO Non-CEO NEOs Non-CEO NEOs Return Return (in millions) (in millions)
Year ($) (1) (2) ($) (1) (3) ($) (4) (5) ($) (4) (6) ($) ($) (8) ($) ($) (9) |  | ","Company: Nvidia | Source: 10-K Annual Report | Page: 90 | Value of Initial Fixed $100
Investment Based on (7):
Average
Summary Summary Average Peer Group Non-GAAP
Compensation Compensation Compensation Compensation Total Total Operating
Table Total for Actually Paid Table Total for Actually Paid to Shareholder Shareholder Net Income Income
Fiscal CEO to CEO Non-CEO NEOs Non-CEO NEOs Return Return (in millions) (in millions)
Year ($) (1) (2) ($) (1) (3) ($) (4) (5) ($) (4) (6) ($) ($) (8) ($) ($) (9): 2024"
nvidia_p90_t1,nvidia,90,1,"Value of Initial Fixed $100
Investment Based on (7):
Average
Summary Summary Average Peer Group Non-GAAP
Compensation Compensation Compensation Compensation Total Total Operating
Table Total for Actually Paid Table Total for Actually Paid to Shareholder Shareholder Net Income Income
Fiscal CEO to CEO Non-CEO NEOs Non-CEO NEOs Return Return (in millions) (in millions)
Year ($) (1) (2) ($) (1) (3) ($) (4) (5) ($) (4) (6) ($) ($) (8) ($) ($) (9) |  | ","Company: Nvidia | Source: 10-K Annual Report | Page: 90 | Value of Initial Fixed $100
Investment Based on (7):
Average
Summary Summary Average Peer Group Non-GAAP
Compensation Compensation Compensation Compensation Total Total Operating
Table Total for Actually Paid Table Total for Actually Paid to Shareholder Shareholder Net Income Income
Fiscal CEO to CEO Non-CEO NEOs Non-CEO NEOs Return Return (in millions) (in millions)
Year ($) (1) (2) ($) (1) (3) ($) (4) (5) ($) (4) (6) ($) ($) (8) ($) ($) (9): 2023 21,356,924 (4,118,947) 9,941,838 (1,364,661) 326.34 133.09 4,368 9,040"
nvidia_p90_t1,nvidia,90,2,"Value of Initial Fixed $100
Investment Based on (7):
Average
Summary Summary Average Peer Group Non-GAAP
Compensation Compensation Compensation Compensation Total Total Operating
Table Total for Actually Paid Table Total for Actually Paid to Shareholder Shareholder Net Income Income
Fiscal CEO to CEO Non-CEO NEOs Non-CEO NEOs Return Return (in millions) (in millions)
Year ($) (1) (2) ($) (1) (3) ($) (4) (5) ($) (4) (6) ($) ($) (8) ($) ($) (9) |  | ","Company: Nvidia | Source: 10-K Annual Report | Page: 90 | Value of Initial Fixed $100
Investment Based on (7):
Average
Summary Summary Average Peer Group Non-GAAP
Compensation Compensation Compensation Compensation Total Total Operating
Table Total for Actually Paid Table Total for Actually Paid to Shareholder Shareholder Net Income Income
Fiscal CEO to CEO Non-CEO NEOs Non-CEO NEOs Return Return (in millions) (in millions)
Year ($) (1) (2) ($) (1) (3) ($) (4) (5) ($) (4) (6) ($) ($) (8) ($) ($) (9): 2022"
nvidia_p90_t1,nvidia,90,3,"Value of Initial Fixed $100
Investment Based on (7):
Average
Summary Summary Average Peer Group Non-GAAP
Compensation Compensation Compensation Compensation Total Total Operating
Table Total for Actually Paid Table Total for Actually Paid to Shareholder Shareholder Net Income Income
Fiscal CEO to CEO Non-CEO NEOs Non-CEO NEOs Return Return (in millions) (in millions)
Year ($) (1) (2) ($) (1) (3) ($) (4) (5) ($) (4) (6) ($) ($) (8) ($) ($) (9) |  | ","Company: Nvidia | Source: 10-K Annual Report | Page: 90 | Value of Initial Fixed $100
Investment Based on (7):
Average
Summary Summary Average Peer Group Non-GAAP
Compensation Compensation Compensation Compensation Total Total Operating
Table Total for Actually Paid Table Total for Actually Paid to Shareholder Shareholder Net Income Income
Fiscal CEO to CEO Non-CEO NEOs Non-CEO NEOs Return Return (in millions) (in millions)
Year ($) (1) (2) ($) (1) (3) ($) (4) (5) ($) (4) (6) ($) ($) (8) ($) ($) (9): 2021"
nvidia_p95_t1,nvidia,95,0,Fiscal 2024 Fiscal 2023 |  |  |  | ,Company: Nvidia | Source: 10-K Annual Report | Page: 95 | Fiscal 2024 Fiscal 2023: Audit Fees (1)
nvidia_p151_t1,nvidia,151,0,"Net income $ 29,760 $ 4,368 $ 9,752 | ","Company: Nvidia | Source: 10-K Annual Report | Page: 151 | Net income $ 29,760 $ 4,368 $ 9,752: Other comprehensive income (loss), net of tax"
nvidia_p151_t1,nvidia,151,1,"Net income $ 29,760 $ 4,368 $ 9,752 | ","Company: Nvidia | Source: 10-K Annual Report | Page: 151 | Net income $ 29,760 $ 4,368 $ 9,752: Available-for-sale securities:"
nvidia_p151_t1,nvidia,151,2,"Net income $ 29,760 $ 4,368 $ 9,752 | ","Company: Nvidia | Source: 10-K Annual Report | Page: 151 | Net income $ 29,760 $ 4,368 $ 9,752: Net change in unrealized gain (loss) 80 (31) (16)"
nvidia_p151_t1,nvidia,151,3,"Net income $ 29,760 $ 4,368 $ 9,752 | ","Company: Nvidia | Source: 10-K Annual Report | Page: 151 | Net income $ 29,760 $ 4,368 $ 9,752: Reclassification adjustments for net realized gain included in net
income — 1 —"
nvidia_p151_t1,nvidia,151,4,"Net income $ 29,760 $ 4,368 $ 9,752 | ","Company: Nvidia | Source: 10-K Annual Report | Page: 151 | Net income $ 29,760 $ 4,368 $ 9,752: Net change in unrealized gain (loss) 80 (30) (16)"
nvidia_p151_t1,nvidia,151,5,"Net income $ 29,760 $ 4,368 $ 9,752 | ","Company: Nvidia | Source: 10-K Annual Report | Page: 151 | Net income $ 29,760 $ 4,368 $ 9,752: Cash flow hedges:"
nvidia_p151_t1,nvidia,151,6,"Net income $ 29,760 $ 4,368 $ 9,752 | ","Company: Nvidia | Source: 10-K Annual Report | Page: 151 | Net income $ 29,760 $ 4,368 $ 9,752: Net change in unrealized gain (loss) 38 47 (43)"
nvidia_p151_t1,nvidia,151,7,"Net income $ 29,760 $ 4,368 $ 9,752 | ","Company: Nvidia | Source: 10-K Annual Report | Page: 151 | Net income $ 29,760 $ 4,368 $ 9,752: Reclassification adjustments for net realized gain (loss) included in
net income (48) (49) 29"
nvidia_p151_t1,nvidia,151,8,"Net income $ 29,760 $ 4,368 $ 9,752 | ","Company: Nvidia | Source: 10-K Annual Report | Page: 151 | Net income $ 29,760 $ 4,368 $ 9,752: Net change in unrealized loss (10) (2) (14)"
nvidia_p151_t1,nvidia,151,9,"Net income $ 29,760 $ 4,368 $ 9,752 | ","Company: Nvidia | Source: 10-K Annual Report | Page: 151 | Net income $ 29,760 $ 4,368 $ 9,752: Other comprehensive income (loss), net of tax 70 (32) (30)"
nvidia_p151_t1,nvidia,151,10,"Net income $ 29,760 $ 4,368 $ 9,752 | ","Company: Nvidia | Source: 10-K Annual Report | Page: 151 | Net income $ 29,760 $ 4,368 $ 9,752: Total comprehensive income $ 29,830 $ 4,336 $ 9,722"
nvidia_p173_t2,nvidia,173,0, | Year Ended |  |  |  | ,"Company: Nvidia | Source: 10-K Annual Report | Page: 173 | Year Ended: Jan 28, 2024"
nvidia_p173_t3,nvidia,173,0,Balance at beginning of period $ 82 $ 46 $ 22 |  |  |  |  | ,Company: Nvidia | Source: 10-K Annual Report | Page: 173 | Balance at beginning of period $ 82 $ 46 $ 22: Additions
nvidia_p173_t3,nvidia,173,1,Balance at beginning of period $ 82 $ 46 $ 22 |  |  |  |  | ,Company: Nvidia | Source: 10-K Annual Report | Page: 173 | Balance at beginning of period $ 82 $ 46 $ 22: Utilization (54) (109) (16)
nvidia_p173_t3,nvidia,173,2,Balance at beginning of period $ 82 $ 46 $ 22 |  |  |  |  | ,Company: Nvidia | Source: 10-K Annual Report | Page: 173 | Balance at beginning of period $ 82 $ 46 $ 22: Balance at end of period
nvidia_p176_t1,nvidia,176,0,Deferred tax assets: | ,"Company: Nvidia | Source: 10-K Annual Report | Page: 176 | Deferred tax assets:: Capitalized research and development expenditure $ 3,376 $ 1,859"
nvidia_p176_t1,nvidia,176,1,Deferred tax assets: | ,"Company: Nvidia | Source: 10-K Annual Report | Page: 176 | Deferred tax assets:: GILTI deferred tax assets 1,576 800"
nvidia_p176_t1,nvidia,176,2,Deferred tax assets: | ,"Company: Nvidia | Source: 10-K Annual Report | Page: 176 | Deferred tax assets:: Accruals and reserves, not currently deductible for tax purposes 1,121 686"
nvidia_p176_t1,nvidia,176,3,Deferred tax assets: | ,Company: Nvidia | Source: 10-K Annual Report | Page: 176 | Deferred tax assets:: Research and other tax credit carryforwards 936 951
nvidia_p176_t1,nvidia,176,4,Deferred tax assets: | ,Company: Nvidia | Source: 10-K Annual Report | Page: 176 | Deferred tax assets:: Net operating loss and capital loss carryforwards 439 409
nvidia_p176_t1,nvidia,176,5,Deferred tax assets: | ,Company: Nvidia | Source: 10-K Annual Report | Page: 176 | Deferred tax assets:: Operating lease liabilities 263 193
nvidia_p176_t1,nvidia,176,6,Deferred tax assets: | ,Company: Nvidia | Source: 10-K Annual Report | Page: 176 | Deferred tax assets:: Stock-based compensation 106 99
nvidia_p176_t1,nvidia,176,7,Deferred tax assets: | ,"Company: Nvidia | Source: 10-K Annual Report | Page: 176 | Deferred tax assets:: Property, equipment and intangible assets 4 66"
nvidia_p176_t1,nvidia,176,8,Deferred tax assets: | ,Company: Nvidia | Source: 10-K Annual Report | Page: 176 | Deferred tax assets:: Other deferred tax assets 179 91
nvidia_p176_t1,nvidia,176,9,Deferred tax assets: | ,"Company: Nvidia | Source: 10-K Annual Report | Page: 176 | Deferred tax assets:: Gross deferred tax assets 8,000 5,154"
nvidia_p176_t1,nvidia,176,10,Deferred tax assets: | ,"Company: Nvidia | Source: 10-K Annual Report | Page: 176 | Deferred tax assets:: Less valuation allowance (1,552) (1,484)"
nvidia_p176_t1,nvidia,176,11,Deferred tax assets: | ,"Company: Nvidia | Source: 10-K Annual Report | Page: 176 | Deferred tax assets:: Total deferred tax assets 6,448 3,670"
nvidia_p176_t1,nvidia,176,12,Deferred tax assets: | ,Company: Nvidia | Source: 10-K Annual Report | Page: 176 | Deferred tax assets:: Deferred tax liabilities:
nvidia_p176_t1,nvidia,176,13,Deferred tax assets: | ,Company: Nvidia | Source: 10-K Annual Report | Page: 176 | Deferred tax assets:: Unremitted earnings of foreign subsidiaries (502) (228)
nvidia_p176_t1,nvidia,176,14,Deferred tax assets: | ,Company: Nvidia | Source: 10-K Annual Report | Page: 176 | Deferred tax assets:: Operating lease assets (255) (179)
nvidia_p176_t1,nvidia,176,15,Deferred tax assets: | ,Company: Nvidia | Source: 10-K Annual Report | Page: 176 | Deferred tax assets:: Acquired intangibles (74) (115)
nvidia_p176_t1,nvidia,176,16,Deferred tax assets: | ,Company: Nvidia | Source: 10-K Annual Report | Page: 176 | Deferred tax assets:: Gross deferred tax liabilities (831) (522)
nvidia_p176_t1,nvidia,176,17,Deferred tax assets: | ,"Company: Nvidia | Source: 10-K Annual Report | Page: 176 | Deferred tax assets:: Net deferred tax asset (1) $ 5,617 $ 3,148"
berkshire_p42_t1,berkshire,42,0," |  |  |  |  |  | dditionally, |  |  | Benjamin |  |  | Moore |  | assumed |  | responsibility | for |  | manufacturing | Clark+Kensington® |  | and",Company: Berkshire | Source: 10-K Annual Report | Page: 42 | Benjamin: private | assumed: tbrands.
berkshire_p54_t1,berkshire,54,0,"EnergySource |  | Entity |  | LocationbySignificance |  | Facility
Net
Capacity
(MW)(1) |  |  |  | Net
Owned
Capacity
(MW)(1) |  | ","Company: Berkshire | Source: 10-K Annual Report | Page: 54 | EnergySource: Wind | Entity: PacifiCorp,MEC,BHECanada,
BHEMontanaandBHE
Renewables | LocationbySignificance: Iowa,Wyoming,Texas,Montana,
Nebraska,Washington,California,
Illinois,Canada,OregonandKansas"
berkshire_p54_t1,berkshire,54,1,"EnergySource |  | Entity |  | LocationbySignificance |  | Facility
Net
Capacity
(MW)(1) |  |  |  | Net
Owned
Capacity
(MW)(1) |  | ","Company: Berkshire | Source: 10-K Annual Report | Page: 54 | EnergySource: Naturalgas | Entity: PacifiCorp,MEC,NVEnergy,
BHECanadaandBHE
Renewables | LocationbySignificance: Nevada,Utah,Iowa,Illinois,Washington,
Wyoming,Oregon,NewYork,Texas,
ArizonaandCanada"
berkshire_p54_t1,berkshire,54,2,"EnergySource |  | Entity |  | LocationbySignificance |  | Facility
Net
Capacity
(MW)(1) |  |  |  | Net
Owned
Capacity
(MW)(1) |  | ","Company: Berkshire | Source: 10-K Annual Report | Page: 54 | EnergySource: Coal | Entity: PacifiCorp,MECandNV
Energy | LocationbySignificance: Iowa,Wyoming,Utah,Nevada,Colorado
andMontana"
berkshire_p54_t1,berkshire,54,3,"EnergySource |  | Entity |  | LocationbySignificance |  | Facility
Net
Capacity
(MW)(1) |  |  |  | Net
Owned
Capacity
(MW)(1) |  | ","Company: Berkshire | Source: 10-K Annual Report | Page: 54 | EnergySource: Solar | Entity: MEC,NVEnergy,Northern
PowergridandBHERenewables | LocationbySignificance: California,Australia,Texas,Arizona,
Iowa,MinnesotaandNevada"
berkshire_p54_t1,berkshire,54,4,"EnergySource |  | Entity |  | LocationbySignificance |  | Facility
Net
Capacity
(MW)(1) |  |  |  | Net
Owned
Capacity
(MW)(1) |  | ","Company: Berkshire | Source: 10-K Annual Report | Page: 54 | EnergySource: Hydroelectric | Entity: PacifiCorp,MECandBHE
Renewables | LocationbySignificance: Washington,Oregon,Idaho,Utah,
Hawaii,Montana,Illinois,Californiaand
Wyoming"
berkshire_p54_t1,berkshire,54,5,"EnergySource |  | Entity |  | LocationbySignificance |  | Facility
Net
Capacity
(MW)(1) |  |  |  | Net
Owned
Capacity
(MW)(1) |  | ",Company: Berkshire | Source: 10-K Annual Report | Page: 54 | EnergySource: Nuclear | Entity: MEC | LocationbySignificance: Illinois
berkshire_p54_t1,berkshire,54,6,"EnergySource |  | Entity |  | LocationbySignificance |  | Facility
Net
Capacity
(MW)(1) |  |  |  | Net
Owned
Capacity
(MW)(1) |  | ",Company: Berkshire | Source: 10-K Annual Report | Page: 54 | EnergySource: Geothermal | Entity: PacifiCorpandBHERenewables | LocationbySignificance: CaliforniaandUtah
berkshire_p54_t1,berkshire,54,7,"EnergySource |  | Entity |  | LocationbySignificance |  | Facility
Net
Capacity
(MW)(1) |  |  |  | Net
Owned
Capacity
(MW)(1) |  | ",Company: Berkshire | Source: 10-K Annual Report | Page: 54 | LocationbySignificance: Total
berkshire_p55_t1,berkshire,55,0, |  |  |  |  |  |  |  | NumberofProperties |  |  |  |  |  | ,Company: Berkshire | Source: 10-K Annual Report | Page: 55 | NumberofProperties: Owned
berkshire_p56_t1,berkshire,56,0,Name |  | Age |  | PositionwithRegistrant |  | Since,Company: Berkshire | Source: 10-K Annual Report | Page: 56 | Name: WarrenE.Buffett | Age: 93 | PositionwithRegistrant: ChairmanandChiefExecutiveOfficer | Since: 1970
berkshire_p56_t1,berkshire,56,1,Name |  | Age |  | PositionwithRegistrant |  | Since,Company: Berkshire | Source: 10-K Annual Report | Page: 56 | Name: GregoryE.Abel | Age: 61 | PositionwithRegistrant: ViceChairman–Non-InsuranceOperations | Since: 2018
berkshire_p56_t1,berkshire,56,2,Name |  | Age |  | PositionwithRegistrant |  | Since,Company: Berkshire | Source: 10-K Annual Report | Page: 56 | Name: AjitJain | Age: 72 | PositionwithRegistrant: ViceChairman–InsuranceOperations | Since: 2018
berkshire_p56_t1,berkshire,56,3,Name |  | Age |  | PositionwithRegistrant |  | Since,Company: Berkshire | Source: 10-K Annual Report | Page: 56 | Name: MarcD.Hamburg | Age: 74 | PositionwithRegistrant: SeniorVice-President–ChiefFinancialOfficer | Since: 1992
berkshire_p57_t1,berkshire,57,0,"Period | Totalnumberof
sharespurchased |  |  |  | Averageprice
paidpershare |  |  |  | Totalnumberof
sharespurchased
aspartofpublicly
announcedprogram |  |  |  | Maximumnumberor
valueofsharesthatyet
mayberepurchased
undertheprogram | ",Company: Berkshire | Source: 10-K Annual Report | Page: 57 | Period: October
berkshire_p57_t1,berkshire,57,1,"Period | Totalnumberof
sharespurchased |  |  |  | Averageprice
paidpershare |  |  |  | Totalnumberof
sharespurchased
aspartofpublicly
announcedprogram |  |  |  | Maximumnumberor
valueofsharesthatyet
mayberepurchased
undertheprogram | ","Company: Berkshire | Source: 10-K Annual Report | Page: 57 | Period: ClassAcommonstock | Averageprice
paidpershare: $ | Maximumnumberor
valueofsharesthatyet
mayberepurchased
undertheprogram: *"
berkshire_p57_t1,berkshire,57,2,"Period | Totalnumberof
sharespurchased |  |  |  | Averageprice
paidpershare |  |  |  | Totalnumberof
sharespurchased
aspartofpublicly
announcedprogram |  |  |  | Maximumnumberor
valueofsharesthatyet
mayberepurchased
undertheprogram | ","Company: Berkshire | Source: 10-K Annual Report | Page: 57 | Period: ClassBcommonstock | Averageprice
paidpershare: $ | Maximumnumberor
valueofsharesthatyet
mayberepurchased
undertheprogram: *"
berkshire_p57_t1,berkshire,57,3,"Period | Totalnumberof
sharespurchased |  |  |  | Averageprice
paidpershare |  |  |  | Totalnumberof
sharespurchased
aspartofpublicly
announcedprogram |  |  |  | Maximumnumberor
valueofsharesthatyet
mayberepurchased
undertheprogram | ",Company: Berkshire | Source: 10-K Annual Report | Page: 57 | Period: November
berkshire_p57_t1,berkshire,57,4,"Period | Totalnumberof
sharespurchased |  |  |  | Averageprice
paidpershare |  |  |  | Totalnumberof
sharespurchased
aspartofpublicly
announcedprogram |  |  |  | Maximumnumberor
valueofsharesthatyet
mayberepurchased
undertheprogram | ","Company: Berkshire | Source: 10-K Annual Report | Page: 57 | Period: ClassAcommonstock | Averageprice
paidpershare: $ | Maximumnumberor
valueofsharesthatyet
mayberepurchased
undertheprogram: *"
berkshire_p57_t1,berkshire,57,5,"Period | Totalnumberof
sharespurchased |  |  |  | Averageprice
paidpershare |  |  |  | Totalnumberof
sharespurchased
aspartofpublicly
announcedprogram |  |  |  | Maximumnumberor
valueofsharesthatyet
mayberepurchased
undertheprogram | ","Company: Berkshire | Source: 10-K Annual Report | Page: 57 | Period: ClassBcommonstock | Averageprice
paidpershare: $ | Maximumnumberor
valueofsharesthatyet
mayberepurchased
undertheprogram: *"
berkshire_p57_t1,berkshire,57,6,"Period | Totalnumberof
sharespurchased |  |  |  | Averageprice
paidpershare |  |  |  | Totalnumberof
sharespurchased
aspartofpublicly
announcedprogram |  |  |  | Maximumnumberor
valueofsharesthatyet
mayberepurchased
undertheprogram | ",Company: Berkshire | Source: 10-K Annual Report | Page: 57 | Period: December
berkshire_p57_t1,berkshire,57,7,"Period | Totalnumberof
sharespurchased |  |  |  | Averageprice
paidpershare |  |  |  | Totalnumberof
sharespurchased
aspartofpublicly
announcedprogram |  |  |  | Maximumnumberor
valueofsharesthatyet
mayberepurchased
undertheprogram | ","Company: Berkshire | Source: 10-K Annual Report | Page: 57 | Period: ClassAcommonstock | Averageprice
paidpershare: $ | Maximumnumberor
valueofsharesthatyet
mayberepurchased
undertheprogram: *"
berkshire_p57_t1,berkshire,57,8,"Period | Totalnumberof
sharespurchased |  |  |  | Averageprice
paidpershare |  |  |  | Totalnumberof
sharespurchased
aspartofpublicly
announcedprogram |  |  |  | Maximumnumberor
valueofsharesthatyet
mayberepurchased
undertheprogram | ","Company: Berkshire | Source: 10-K Annual Report | Page: 57 | Period: ClassBcommonstock | Averageprice
paidpershare: $ | Maximumnumberor
valueofsharesthatyet
mayberepurchased
undertheprogram: *"
berkshire_p59_t1,berkshire,59,0, | 2023 |  |  |  | 2022 |  |  |  | 2021 |  | ,Company: Berkshire | Source: 10-K Annual Report | Page: 59 | 2023: $ | 2022: $ | 2021: $
berkshire_p59_t1,berkshire,59,9, | 2023 |  |  |  | 2022 |  |  |  | 2021 |  | ,Company: Berkshire | Source: 10-K Annual Report | Page: 59 | 2023: $ | 2022: $ | 2021: $
berkshire_p61_t1,berkshire,61,1, | 2023 |  |  |  | 2022 |  |  |  | 2021 |  | ,Company: Berkshire | Source: 10-K Annual Report | Page: 61 | 2023: $ | 2022: $ | 2021: $
berkshire_p61_t1,berkshire,61,6, | 2023 |  |  |  | 2022 |  |  |  | 2021 |  | ,Company: Berkshire | Source: 10-K Annual Report | Page: 61 | 2023: $ | 2022: $ | 2021: $
berkshire_p61_t1,berkshire,61,7, | 2023 |  |  |  | 2022 |  |  |  | 2021 |  | ,Company: Berkshire | Source: 10-K Annual Report | Page: 61 | 2022: *
berkshire_p61_t2,berkshire,61,0, | 2023 |  |  |  |  |  |  |  | 2022 |  |  |  |  |  |  |  | 2021 |  |  |  |  |  | ,Company: Berkshire | Source: 10-K Annual Report | Page: 61 | 2023: Amount | 2022: Amount | 2021: Amount
berkshire_p61_t2,berkshire,61,1, | 2023 |  |  |  |  |  |  |  | 2022 |  |  |  |  |  |  |  | 2021 |  |  |  |  |  | ,Company: Berkshire | Source: 10-K Annual Report | Page: 61 | 2023: $ | 2022: $ | 2021: $
berkshire_p61_t2,berkshire,61,2, | 2023 |  |  |  |  |  |  |  | 2022 |  |  |  |  |  |  |  | 2021 |  |  |  |  |  | ,Company: Berkshire | Source: 10-K Annual Report | Page: 61 | 2023: $ | 2022: $ | 2021: $
berkshire_p61_t2,berkshire,61,6, | 2023 |  |  |  |  |  |  |  | 2022 |  |  |  |  |  |  |  | 2021 |  |  |  |  |  | ,Company: Berkshire | Source: 10-K Annual Report | Page: 61 | 2023: $ | 2022: $ | 2021: $
berkshire_p62_t1,berkshire,62,0, | 2023 |  |  |  |  |  |  |  | 2022 |  |  |  |  |  |  |  | 2021 |  |  |  |  |  | ,Company: Berkshire | Source: 10-K Annual Report | Page: 62 | 2023: Amount | 2022: Amount | 2021: Amount
berkshire_p62_t1,berkshire,62,1, | 2023 |  |  |  |  |  |  |  | 2022 |  |  |  |  |  |  |  | 2021 |  |  |  |  |  | ,Company: Berkshire | Source: 10-K Annual Report | Page: 62 | 2023: $ | 2022: $ | 2021: $
berkshire_p62_t1,berkshire,62,2, | 2023 |  |  |  |  |  |  |  | 2022 |  |  |  |  |  |  |  | 2021 |  |  |  |  |  | ,Company: Berkshire | Source: 10-K Annual Report | Page: 62 | 2023: $ | 2022: $ | 2021: $
berkshire_p62_t1,berkshire,62,6, | 2023 |  |  |  |  |  |  |  | 2022 |  |  |  |  |  |  |  | 2021 |  |  |  |  |  | ,Company: Berkshire | Source: 10-K Annual Report | Page: 62 | 2023: $ | 2022: $ | 2021: $
berkshire_p63_t1,berkshire,63,0," | Premiumsearned |  |  |  |  |  |  |  |  | Pre-taxunderwriting
earnings(loss) |  |  |  |  |  |  |  | ","Company: Berkshire | Source: 10-K Annual Report | Page: 63 | Premiumsearned: 2023 | Pre-taxunderwriting
earnings(loss): 2023"
berkshire_p63_t1,berkshire,63,1," | Premiumsearned |  |  |  |  |  |  |  |  | Pre-taxunderwriting
earnings(loss) |  |  |  |  |  |  |  | ","Company: Berkshire | Source: 10-K Annual Report | Page: 63 | Premiumsearned: $ | Pre-taxunderwriting
earnings(loss): $"
berkshire_p63_t1,berkshire,63,6," | Premiumsearned |  |  |  |  |  |  |  |  | Pre-taxunderwriting
earnings(loss) |  |  |  |  |  |  |  | ","Company: Berkshire | Source: 10-K Annual Report | Page: 63 | Premiumsearned: $ | Pre-taxunderwriting
earnings(loss): $"
berkshire_p64_t1,berkshire,64,0, | 2023 |  |  |  |  |  |  |  | 2022 |  |  |  |  |  |  |  | 2021 |  |  |  |  |  | ,Company: Berkshire | Source: 10-K Annual Report | Page: 64 | 2023: Amount | 2022: Amount | 2021: Amount
berkshire_p64_t1,berkshire,64,1, | 2023 |  |  |  |  |  |  |  | 2022 |  |  |  |  |  |  |  | 2021 |  |  |  |  |  | ,Company: Berkshire | Source: 10-K Annual Report | Page: 64 | 2023: $ | 2022: $ | 2021: $
berkshire_p64_t1,berkshire,64,2, | 2023 |  |  |  |  |  |  |  | 2022 |  |  |  |  |  |  |  | 2021 |  |  |  |  |  | ,Company: Berkshire | Source: 10-K Annual Report | Page: 64 | 2023: $ | 2022: $ | 2021: $
berkshire_p64_t1,berkshire,64,6, | 2023 |  |  |  |  |  |  |  | 2022 |  |  |  |  |  |  |  | 2021 |  |  |  |  |  | ,Company: Berkshire | Source: 10-K Annual Report | Page: 64 | 2023: $ | 2022: $ | 2021: $
berkshire_p64_t2,berkshire,64,0, | 2023 |  |  |  |  |  |  |  | 2022 |  |  |  |  |  |  |  | 2021 |  |  |  |  |  | ,Company: Berkshire | Source: 10-K Annual Report | Page: 64 | 2023: Amount | 2022: Amount | 2021: Amount
berkshire_p64_t2,berkshire,64,1, | 2023 |  |  |  |  |  |  |  | 2022 |  |  |  |  |  |  |  | 2021 |  |  |  |  |  | ,Company: Berkshire | Source: 10-K Annual Report | Page: 64 | 2023: $ | 2022: $ | 2021: $
berkshire_p64_t2,berkshire,64,2, | 2023 |  |  |  |  |  |  |  | 2022 |  |  |  |  |  |  |  | 2021 |  |  |  |  |  | ,Company: Berkshire | Source: 10-K Annual Report | Page: 64 | 2023: $ | 2022: $ | 2021: $
berkshire_p64_t2,berkshire,64,6, | 2023 |  |  |  |  |  |  |  | 2022 |  |  |  |  |  |  |  | 2021 |  |  |  |  |  | ,Company: Berkshire | Source: 10-K Annual Report | Page: 64 | 2023: $ | 2022: $ | 2021: $
berkshire_p66_t1,berkshire,66,0, |  |  |  |  |  |  |  |  |  |  |  | Percentagechange |  |  |  |  | ,Company: Berkshire | Source: 10-K Annual Report | Page: 66 | Percentagechange: 2023vs2022
berkshire_p66_t1,berkshire,66,2, |  |  |  |  |  |  |  |  |  |  |  | Percentagechange |  |  |  |  | ,Company: Berkshire | Source: 10-K Annual Report | Page: 66 | Percentagechange: *
berkshire_p66_t2,berkshire,66,0," | December31, |  |  |  |  |  | ","Company: Berkshire | Source: 10-K Annual Report | Page: 66 | December31,: 2023"
berkshire_p66_t2,berkshire,66,1," | December31, |  |  |  |  |  | ","Company: Berkshire | Source: 10-K Annual Report | Page: 66 | December31,: $"
berkshire_p66_t2,berkshire,66,5," | December31, |  |  |  |  |  | ","Company: Berkshire | Source: 10-K Annual Report | Page: 66 | December31,: $"
berkshire_p67_t2,berkshire,67,0," | Amortized
Cost |  |  |  | Unrealized
Gains(Losses) |  |  |  | Carrying
Value |  | ","Company: Berkshire | Source: 10-K Annual Report | Page: 67 | Amortized
Cost: $ | Unrealized
Gains(Losses): $ | Carrying
Value: $"
berkshire_p67_t2,berkshire,67,4," | Amortized
Cost |  |  |  | Unrealized
Gains(Losses) |  |  |  | Carrying
Value |  | ","Company: Berkshire | Source: 10-K Annual Report | Page: 67 | Amortized
Cost: $ | Unrealized
Gains(Losses): $ | Carrying
Value: $"
berkshire_p67_t3,berkshire,67,0, |  |  |  |  |  |  |  |  |  | Percentagechange |  |  |  |  | ,Company: Berkshire | Source: 10-K Annual Report | Page: 67 | Percentagechange: 2023vs2022
berkshire_p67_t4,berkshire,67,0, |  | Cars/Units |  |  |  |  |  |  |  | Percentagechange |  |  |  |  | ,Company: Berkshire | Source: 10-K Annual Report | Page: 67 | Cars/Units: 2023 | Percentagechange: 2023vs2022
berkshire_p67_t4,berkshire,67,1, |  | Cars/Units |  |  |  |  |  |  |  | Percentagechange |  |  |  |  | ,"Company: Berkshire | Source: 10-K Annual Report | Page: 67 | Cars/Units: 4,765"
berkshire_p67_t4,berkshire,67,2, |  | Cars/Units |  |  |  |  |  |  |  | Percentagechange |  |  |  |  | ,"Company: Berkshire | Source: 10-K Annual Report | Page: 67 | Cars/Units: 1,605"
berkshire_p67_t4,berkshire,67,3, |  | Cars/Units |  |  |  |  |  |  |  | Percentagechange |  |  |  |  | ,"Company: Berkshire | Source: 10-K Annual Report | Page: 67 | Cars/Units: 1,165"
berkshire_p67_t4,berkshire,67,4, |  | Cars/Units |  |  |  |  |  |  |  | Percentagechange |  |  |  |  | ,"Company: Berkshire | Source: 10-K Annual Report | Page: 67 | Cars/Units: 1,468"
berkshire_p67_t4,berkshire,67,5, |  | Cars/Units |  |  |  |  |  |  |  | Percentagechange |  |  |  |  | ,"Company: Berkshire | Source: 10-K Annual Report | Page: 67 | Cars/Units: 9,003"
berkshire_p69_t1,berkshire,69,1, | 2023 |  |  |  | 2022 |  |  |  | 2021 |  | ,Company: Berkshire | Source: 10-K Annual Report | Page: 69 | 2023: $ | 2022: $ | 2021: $
berkshire_p69_t1,berkshire,69,17, | 2023 |  |  |  | 2022 |  |  |  | 2021 |  | ,Company: Berkshire | Source: 10-K Annual Report | Page: 69 | 2023: $ | 2022: $ | 2021: $
berkshire_p69_t2,berkshire,69,0, |  |  |  |  |  |  |  |  |  |  |  | Percentagechange |  |  |  |  | ,Company: Berkshire | Source: 10-K Annual Report | Page: 69 | Percentagechange: 2023vs2022
berkshire_p71_t1,berkshire,71,0, |  | ElevenMonthsEnding |  | ,"Company: Berkshire | Source: 10-K Annual Report | Page: 71 | ElevenMonthsEnding: December31,2023"
berkshire_p71_t1,berkshire,71,1, |  | ElevenMonthsEnding |  | ,Company: Berkshire | Source: 10-K Annual Report | Page: 71 | ElevenMonthsEnding: $
berkshire_p71_t1,berkshire,71,7, |  | ElevenMonthsEnding |  | ,Company: Berkshire | Source: 10-K Annual Report | Page: 71 | ElevenMonthsEnding: $
berkshire_p71_t2,berkshire,71,0," |  | 2023 |  |  |  | 2022 |  |  |  | Percentage
Change |  | ",Company: Berkshire | Source: 10-K Annual Report | Page: 71 | 2023: $ | 2022: $
berkshire_p71_t2,berkshire,71,4," |  | 2023 |  |  |  | 2022 |  |  |  | Percentage
Change |  | ",Company: Berkshire | Source: 10-K Annual Report | Page: 71 | 2023: $ | 2022: $
berkshire_p72_t1,berkshire,72,0, |  |  |  |  |  |  |  |  |  |  |  |  |  | Percentagechange |  |  |  |  |  |  | ,Company: Berkshire | Source: 10-K Annual Report | Page: 72 | Percentagechange: 2023vs2022
berkshire_p72_t2,berkshire,72,0, |  |  |  |  |  |  |  |  |  |  |  |  |  | Percentagechange |  |  |  |  |  |  | ,Company: Berkshire | Source: 10-K Annual Report | Page: 72 | Percentagechange: 2023vs2022
berkshire_p77_t1,berkshire,77,0, |  |  |  |  |  |  |  |  |  |  |  |  |  | Percentagechange |  |  |  |  |  |  | ,Company: Berkshire | Source: 10-K Annual Report | Page: 77 | Percentagechange: 2023vs2022
berkshire_p81_t1,berkshire,81,0, |  | 2023 |  |  |  | 2022 |  |  |  | 2021 |  | ,Company: Berkshire | Source: 10-K Annual Report | Page: 81 | 2023: $ | 2022: $ | 2021: $
berkshire_p81_t1,berkshire,81,4, |  | 2023 |  |  |  | 2022 |  |  |  | 2021 |  | ,Company: Berkshire | Source: 10-K Annual Report | Page: 81 | 2023: $ | 2022: $ | 2021: $
berkshire_p81_t2,berkshire,81,0, |  | 2023 |  |  |  | 2022 |  |  |  | 2021 |  | ,Company: Berkshire | Source: 10-K Annual Report | Page: 81 | 2023: $ | 2022: $ | 2021: $
berkshire_p81_t2,berkshire,81,4, |  | 2023 |  |  |  | 2022 |  |  |  | 2021 |  | ,Company: Berkshire | Source: 10-K Annual Report | Page: 81 | 2023: $ | 2022: $ | 2021: $
berkshire_p84_t1,berkshire,84,0, | Property |  |  |  | Casualty |  |  |  | Total |  | ,Company: Berkshire | Source: 10-K Annual Report | Page: 84 | Property: $ | Casualty: $ | Total: $
berkshire_p84_t1,berkshire,84,4, | Property |  |  |  | Casualty |  |  |  | Total |  | ,Company: Berkshire | Source: 10-K Annual Report | Page: 84 | Property: $ | Casualty: $ | Total: $
berkshire_p88_t1,berkshire,88,1," |  | FairValue |  |  |  | Hypothetical
PriceChange |  | Estimated
FairValueAfter
Hypothetical
ChangeinPrices |  |  |  | Estimated
Increase
(Decrease)
inNet
Earnings(1) |  | ","Company: Berkshire | Source: 10-K Annual Report | Page: 88 | FairValue: $ | Hypothetical
PriceChange: 30%increase | Estimated
FairValueAfter
Hypothetical
ChangeinPrices: $ | Estimated
Increase
(Decrease)
inNet
Earnings(1): $"
berkshire_p88_t1,berkshire,88,2," |  | FairValue |  |  |  | Hypothetical
PriceChange |  | Estimated
FairValueAfter
Hypothetical
ChangeinPrices |  |  |  | Estimated
Increase
(Decrease)
inNet
Earnings(1) |  | ","Company: Berkshire | Source: 10-K Annual Report | Page: 88 | Hypothetical
PriceChange: 30%decrease"
berkshire_p88_t1,berkshire,88,4," |  | FairValue |  |  |  | Hypothetical
PriceChange |  | Estimated
FairValueAfter
Hypothetical
ChangeinPrices |  |  |  | Estimated
Increase
(Decrease)
inNet
Earnings(1) |  | ","Company: Berkshire | Source: 10-K Annual Report | Page: 88 | FairValue: $ | Hypothetical
PriceChange: 30%increase | Estimated
FairValueAfter
Hypothetical
ChangeinPrices: $ | Estimated
Increase
(Decrease)
inNet
Earnings(1): $"
berkshire_p88_t1,berkshire,88,5," |  | FairValue |  |  |  | Hypothetical
PriceChange |  | Estimated
FairValueAfter
Hypothetical
ChangeinPrices |  |  |  | Estimated
Increase
(Decrease)
inNet
Earnings(1) |  | ","Company: Berkshire | Source: 10-K Annual Report | Page: 88 | Hypothetical
PriceChange: 30%decrease"
berkshire_p89_t1,berkshire,89,0," |  |  |  |  |  | EstimatedFairValueAfterHypotheticalChangein
InterestRates(bp=basispoints) |  |  |  |  |  |  |  |  |  |  |  |  |  | ","Company: Berkshire | Source: 10-K Annual Report | Page: 89 | EstimatedFairValueAfterHypotheticalChangein
InterestRates(bp=basispoints): 100bp
decrease"
berkshire_p89_t1,berkshire,89,3," |  |  |  |  |  | EstimatedFairValueAfterHypotheticalChangein
InterestRates(bp=basispoints) |  |  |  |  |  |  |  |  |  |  |  |  |  | ","Company: Berkshire | Source: 10-K Annual Report | Page: 89 | EstimatedFairValueAfterHypotheticalChangein
InterestRates(bp=basispoints): $"
berkshire_p89_t1,berkshire,89,12," |  |  |  |  |  | EstimatedFairValueAfterHypotheticalChangein
InterestRates(bp=basispoints) |  |  |  |  |  |  |  |  |  |  |  |  |  | ","Company: Berkshire | Source: 10-K Annual Report | Page: 89 | EstimatedFairValueAfterHypotheticalChangein
InterestRates(bp=basispoints): $"
berkshire_p90_t1,berkshire,90,0, |  | 2023 |  |  |  | 2022 |  | ,Company: Berkshire | Source: 10-K Annual Report | Page: 90 | 2023: $ | 2022: $
berkshire_p94_t1,berkshire,94,0," |  | December31, |  |  |  |  |  | ","Company: Berkshire | Source: 10-K Annual Report | Page: 94 | December31,: 2023"
berkshire_p94_t1,berkshire,94,3," |  | December31, |  |  |  |  |  | ","Company: Berkshire | Source: 10-K Annual Report | Page: 94 | December31,: $"
berkshire_p94_t1,berkshire,94,26," |  | December31, |  |  |  |  |  | ","Company: Berkshire | Source: 10-K Annual Report | Page: 94 | December31,: $"
berkshire_p95_t1,berkshire,95,0," |  | December31, |  |  |  |  |  | ","Company: Berkshire | Source: 10-K Annual Report | Page: 95 | December31,: 2023"
berkshire_p95_t1,berkshire,95,3," |  | December31, |  |  |  |  |  | ","Company: Berkshire | Source: 10-K Annual Report | Page: 95 | December31,: $"
berkshire_p95_t1,berkshire,95,29," |  | December31, |  |  |  |  |  | ","Company: Berkshire | Source: 10-K Annual Report | Page: 95 | December31,: $"
berkshire_p96_t1,berkshire,96,0," |  | YearEndedDecember31, |  |  |  |  |  |  |  |  |  | ","Company: Berkshire | Source: 10-K Annual Report | Page: 96 | YearEndedDecember31,: 2023"
berkshire_p96_t1,berkshire,96,3," |  | YearEndedDecember31, |  |  |  |  |  |  |  |  |  | ","Company: Berkshire | Source: 10-K Annual Report | Page: 96 | YearEndedDecember31,: $"
berkshire_p96_t1,berkshire,96,38," |  | YearEndedDecember31, |  |  |  |  |  |  |  |  |  | ","Company: Berkshire | Source: 10-K Annual Report | Page: 96 | YearEndedDecember31,: $"
berkshire_p96_t1,berkshire,96,39," |  | YearEndedDecember31, |  |  |  |  |  |  |  |  |  | ","Company: Berkshire | Source: 10-K Annual Report | Page: 96 | YearEndedDecember31,: $"
berkshire_p96_t1,berkshire,96,40," |  | YearEndedDecember31, |  |  |  |  |  |  |  |  |  | ","Company: Berkshire | Source: 10-K Annual Report | Page: 96 | YearEndedDecember31,: $"
berkshire_p97_t1,berkshire,97,0," |  | YearEndedDecember31, |  |  |  |  |  |  |  |  |  | ","Company: Berkshire | Source: 10-K Annual Report | Page: 97 | YearEndedDecember31,: 2023"
berkshire_p97_t1,berkshire,97,1," |  | YearEndedDecember31, |  |  |  |  |  |  |  |  |  | ","Company: Berkshire | Source: 10-K Annual Report | Page: 97 | YearEndedDecember31,: $"
berkshire_p97_t1,berkshire,97,15," |  | YearEndedDecember31, |  |  |  |  |  |  |  |  |  | ","Company: Berkshire | Source: 10-K Annual Report | Page: 97 | YearEndedDecember31,: $"
berkshire_p97_t2,berkshire,97,0, |  | BerkshireHathawayshareholders’equity |  |  |  |  |  |  |  |  |  |  |  |  |  |  |  |  | ,"Company: Berkshire | Source: 10-K Annual Report | Page: 97 | BerkshireHathawayshareholders’equity: Common
stock
andcapital
inexcessof
parvalue"
berkshire_p97_t2,berkshire,97,1, |  | BerkshireHathawayshareholders’equity |  |  |  |  |  |  |  |  |  |  |  |  |  |  |  |  | ,Company: Berkshire | Source: 10-K Annual Report | Page: 97 | BerkshireHathawayshareholders’equity: $
berkshire_p97_t2,berkshire,97,18, |  | BerkshireHathawayshareholders’equity |  |  |  |  |  |  |  |  |  |  |  |  |  |  |  |  | ,Company: Berkshire | Source: 10-K Annual Report | Page: 97 | BerkshireHathawayshareholders’equity: $
berkshire_p98_t1,berkshire,98,0," |  | YearEndedDecember31, |  |  |  |  |  |  |  |  |  | ","Company: Berkshire | Source: 10-K Annual Report | Page: 98 | YearEndedDecember31,: 2023"
berkshire_p98_t1,berkshire,98,2," |  | YearEndedDecember31, |  |  |  |  |  |  |  |  |  | ","Company: Berkshire | Source: 10-K Annual Report | Page: 98 | YearEndedDecember31,: $"
berkshire_p98_t1,berkshire,98,39," |  | YearEndedDecember31, |  |  |  |  |  |  |  |  |  | ","Company: Berkshire | Source: 10-K Annual Report | Page: 98 | YearEndedDecember31,: $"
berkshire_p98_t1,berkshire,98,41," |  | YearEndedDecember31, |  |  |  |  |  |  |  |  |  | ","Company: Berkshire | Source: 10-K Annual Report | Page: 98 | YearEndedDecember31,: $"
berkshire_p98_t1,berkshire,98,44," |  | YearEndedDecember31, |  |  |  |  |  |  |  |  |  | ","Company: Berkshire | Source: 10-K Annual Report | Page: 98 | YearEndedDecember31,: $"
berkshire_p106_t1,berkshire,106,0," | Balanceat
December31,2020 |  |  |  | Increase(decrease) |  |  |  | Balanceat
January1,2021 |  | ","Company: Berkshire | Source: 10-K Annual Report | Page: 106 | Balanceat
December31,2020: $ | Increase(decrease): $ | Balanceat
January1,2021: $"
berkshire_p107_t2,berkshire,107,0,Assetsacquired |  |  |  | Liabilitiesassumedandnoncontrollinginterests |  |  | ,"Company: Berkshire | Source: 10-K Annual Report | Page: 107 | Assetsacquired: Property,plantandequipment | Liabilitiesassumedandnoncontrollinginterests: Notespayable"
berkshire_p107_t2,berkshire,107,1,Assetsacquired |  |  |  | Liabilitiesassumedandnoncontrollinginterests |  |  | ,Company: Berkshire | Source: 10-K Annual Report | Page: 107 | Assetsacquired: Goodwill | Liabilitiesassumedandnoncontrollinginterests: Otherliabilities
berkshire_p107_t2,berkshire,107,2,Assetsacquired |  |  |  | Liabilitiesassumedandnoncontrollinginterests |  |  | ,Company: Berkshire | Source: 10-K Annual Report | Page: 107 | Assetsacquired: Otherintangibleassets
berkshire_p107_t2,berkshire,107,3,Assetsacquired |  |  |  | Liabilitiesassumedandnoncontrollinginterests |  |  | ,Company: Berkshire | Source: 10-K Annual Report | Page: 107 | Assetsacquired: Otherassets | Liabilitiesassumedandnoncontrollinginterests: Liabilitiesassumed
berkshire_p107_t2,berkshire,107,4,Assetsacquired |  |  |  | Liabilitiesassumedandnoncontrollinginterests |  |  | ,"Company: Berkshire | Source: 10-K Annual Report | Page: 107 | Liabilitiesassumedandnoncontrollinginterests: Noncontrollinginterests,predominantlyredeemable"
berkshire_p107_t2,berkshire,107,5,Assetsacquired |  |  |  | Liabilitiesassumedandnoncontrollinginterests |  |  | ,Company: Berkshire | Source: 10-K Annual Report | Page: 107 | Assetsacquired: Assetsacquired | Liabilitiesassumedandnoncontrollinginterests: Liabilitiesassumedandnoncontrollinginterests
berkshire_p107_t2,berkshire,107,6,Assetsacquired |  |  |  | Liabilitiesassumedandnoncontrollinginterests |  |  | ,Company: Berkshire | Source: 10-K Annual Report | Page: 107 | Assetsacquired: Netassets
berkshire_p107_t3,berkshire,107,0,Assetsacquired |  |  |  | Liabilitiesassumed |  |  | ,"Company: Berkshire | Source: 10-K Annual Report | Page: 107 | Assetsacquired: Cash,cashequivalentsandU.S.TreasuryBills | Liabilitiesassumed: Unpaidlossesandlossadjustmentexpenses"
berkshire_p107_t3,berkshire,107,1,Assetsacquired |  |  |  | Liabilitiesassumed |  |  | ,Company: Berkshire | Source: 10-K Annual Report | Page: 107 | Assetsacquired: Investmentsinfixedmaturityandequitysecurities | Liabilitiesassumed: Unearnedpremiums
berkshire_p107_t3,berkshire,107,2,Assetsacquired |  |  |  | Liabilitiesassumed |  |  | ,"Company: Berkshire | Source: 10-K Annual Report | Page: 107 | Assetsacquired: Loans,receivablesandotherassets | Liabilitiesassumed: Notespayable"
berkshire_p107_t3,berkshire,107,3,Assetsacquired |  |  |  | Liabilitiesassumed |  |  | ,Company: Berkshire | Source: 10-K Annual Report | Page: 107 | Assetsacquired: Goodwill | Liabilitiesassumed: Otherliabilities
berkshire_p107_t3,berkshire,107,4,Assetsacquired |  |  |  | Liabilitiesassumed |  |  | ,Company: Berkshire | Source: 10-K Annual Report | Page: 107 | Assetsacquired: Otherintangibleassets
berkshire_p107_t3,berkshire,107,5,Assetsacquired |  |  |  | Liabilitiesassumed |  |  | ,Company: Berkshire | Source: 10-K Annual Report | Page: 107 | Assetsacquired: Assetsacquired | Liabilitiesassumed: Liabilitiesassumed
berkshire_p107_t3,berkshire,107,6,Assetsacquired |  |  |  | Liabilitiesassumed |  |  | ,Company: Berkshire | Source: 10-K Annual Report | Page: 107 | Assetsacquired: Netassets
berkshire_p108_t1,berkshire,108,0, | 2022 |  | ,Company: Berkshire | Source: 10-K Annual Report | Page: 108 | 2022: $
berkshire_p108_t3,berkshire,108,1," | Amortized
Cost |  |  |  | Unrealized
Gains |  |  |  | Unrealized
Losses |  |  |  | Fair
Value | ","Company: Berkshire | Source: 10-K Annual Report | Page: 108 | Amortized
Cost: $ | Unrealized
Gains: $ | Unrealized
Losses: $ | Fair
Value: 10,269"
berkshire_p108_t3,berkshire,108,2," | Amortized
Cost |  |  |  | Unrealized
Gains |  |  |  | Unrealized
Losses |  |  |  | Fair
Value | ","Company: Berkshire | Source: 10-K Annual Report | Page: 108 | Fair
Value: 11,805"
berkshire_p108_t3,berkshire,108,3," | Amortized
Cost |  |  |  | Unrealized
Gains |  |  |  | Unrealized
Losses |  |  |  | Fair
Value | ","Company: Berkshire | Source: 10-K Annual Report | Page: 108 | Fair
Value: 1,449"
berkshire_p108_t3,berkshire,108,4," | Amortized
Cost |  |  |  | Unrealized
Gains |  |  |  | Unrealized
Losses |  |  |  | Fair
Value | ","Company: Berkshire | Source: 10-K Annual Report | Page: 108 | Fair
Value: 235"
berkshire_p108_t3,berkshire,108,5," | Amortized
Cost |  |  |  | Unrealized
Gains |  |  |  | Unrealized
Losses |  |  |  | Fair
Value | ","Company: Berkshire | Source: 10-K Annual Report | Page: 108 | Amortized
Cost: $ | Unrealized
Gains: $ | Unrealized
Losses: $ | Fair
Value: 23,758"
berkshire_p108_t3,berkshire,108,7," | Amortized
Cost |  |  |  | Unrealized
Gains |  |  |  | Unrealized
Losses |  |  |  | Fair
Value | ","Company: Berkshire | Source: 10-K Annual Report | Page: 108 | Amortized
Cost: $ | Unrealized
Gains: $ | Unrealized
Losses: $ | Fair
Value: 9,802"
berkshire_p108_t3,berkshire,108,8," | Amortized
Cost |  |  |  | Unrealized
Gains |  |  |  | Unrealized
Losses |  |  |  | Fair
Value | ","Company: Berkshire | Source: 10-K Annual Report | Page: 108 | Fair
Value: 10,327"
berkshire_p108_t3,berkshire,108,9," | Amortized
Cost |  |  |  | Unrealized
Gains |  |  |  | Unrealized
Losses |  |  |  | Fair
Value | ","Company: Berkshire | Source: 10-K Annual Report | Page: 108 | Fair
Value: 2,195"
berkshire_p108_t3,berkshire,108,10," | Amortized
Cost |  |  |  | Unrealized
Gains |  |  |  | Unrealized
Losses |  |  |  | Fair
Value | ","Company: Berkshire | Source: 10-K Annual Report | Page: 108 | Fair
Value: 2,804"
berkshire_p108_t3,berkshire,108,11," | Amortized
Cost |  |  |  | Unrealized
Gains |  |  |  | Unrealized
Losses |  |  |  | Fair
Value | ","Company: Berkshire | Source: 10-K Annual Report | Page: 108 | Amortized
Cost: $ | Unrealized
Gains: $ | Unrealized
Losses: $ | Fair
Value: 25,128"
berkshire_p108_t4,berkshire,108,0," | Dueinone
yearorless |  |  |  | Dueafterone
yearthrough
fiveyears |  |  |  | Dueafterfive
yearsthrough
tenyears |  |  | Dueafter
tenyears |  |  | Mortgage-
backed
securities |  |  |  | Total |  | ","Company: Berkshire | Source: 10-K Annual Report | Page: 108 | Dueinone
yearorless: $ | Dueafterone
yearthrough
fiveyears: $ | Dueafterfive
yearsthrough
tenyears: $ 611 | Dueafter
tenyears: $ 128 | Mortgage-
backed
securities: $ | Total: $"
berkshire_p108_t4,berkshire,108,1," | Dueinone
yearorless |  |  |  | Dueafterone
yearthrough
fiveyears |  |  |  | Dueafterfive
yearsthrough
tenyears |  |  | Dueafter
tenyears |  |  | Mortgage-
backed
securities |  |  |  | Total |  | ","Company: Berkshire | Source: 10-K Annual Report | Page: 108 | Dueafterfive
yearsthrough
tenyears: 823 | Dueafter
tenyears: 138"
berkshire_p109_t1,berkshire,109,1," |  | Cost
Basis |  |  |  | Net
Unrealized
Gains |  |  |  | Fair
Value |  | ","Company: Berkshire | Source: 10-K Annual Report | Page: 109 | Cost
Basis: $ | Net
Unrealized
Gains: $ | Fair
Value: $"
berkshire_p109_t1,berkshire,109,4," |  | Cost
Basis |  |  |  | Net
Unrealized
Gains |  |  |  | Fair
Value |  | ","Company: Berkshire | Source: 10-K Annual Report | Page: 109 | Cost
Basis: $ | Net
Unrealized
Gains: $ | Fair
Value: $"
berkshire_p109_t2,berkshire,109,1," |  | Cost
Basis |  |  |  | Net
Unrealized
Gains |  |  |  | Fair
Value |  | ","Company: Berkshire | Source: 10-K Annual Report | Page: 109 | Cost
Basis: $ | Net
Unrealized
Gains: $ | Fair
Value: $"
berkshire_p109_t2,berkshire,109,4," |  | Cost
Basis |  |  |  | Net
Unrealized
Gains |  |  |  | Fair
Value |  | ","Company: Berkshire | Source: 10-K Annual Report | Page: 109 | Cost
Basis: $ | Net
Unrealized
Gains: $ | Fair
Value: $"
berkshire_p110_t1,berkshire,110,0, | CarryingValue |  |  |  |  |  |  |  | FairValue |  |  |  |  |  | ,"Company: Berkshire | Source: 10-K Annual Report | Page: 110 | CarryingValue: December31, | FairValue: December31,"
berkshire_p110_t1,berkshire,110,1, | CarryingValue |  |  |  |  |  |  |  | FairValue |  |  |  |  |  | ,Company: Berkshire | Source: 10-K Annual Report | Page: 110 | CarryingValue: 2023 | FairValue: 2023
berkshire_p110_t1,berkshire,110,2, | CarryingValue |  |  |  |  |  |  |  | FairValue |  |  |  |  |  | ,Company: Berkshire | Source: 10-K Annual Report | Page: 110 | CarryingValue: $ | FairValue: $
berkshire_p110_t1,berkshire,110,5, | CarryingValue |  |  |  |  |  |  |  | FairValue |  |  |  |  |  | ,Company: Berkshire | Source: 10-K Annual Report | Page: 110 | CarryingValue: $
berkshire_p110_t2,berkshire,110,0, | EquityinEarnings |  |  |  |  |  |  |  |  |  |  |  | DistributionsReceived |  |  |  |  |  |  |  |  |  | ,"Company: Berkshire | Source: 10-K Annual Report | Page: 110 | EquityinEarnings: YearendedDecember31, | DistributionsReceived: YearendedDecember31,"
berkshire_p110_t2,berkshire,110,1, | EquityinEarnings |  |  |  |  |  |  |  |  |  |  |  | DistributionsReceived |  |  |  |  |  |  |  |  |  | ,Company: Berkshire | Source: 10-K Annual Report | Page: 110 | EquityinEarnings: 2023 | DistributionsReceived: 2023
berkshire_p110_t2,berkshire,110,2, | EquityinEarnings |  |  |  |  |  |  |  |  |  |  |  | DistributionsReceived |  |  |  |  |  |  |  |  |  | ,Company: Berkshire | Source: 10-K Annual Report | Page: 110 | EquityinEarnings: $ | DistributionsReceived: $
berkshire_p110_t2,berkshire,110,5, | EquityinEarnings |  |  |  |  |  |  |  |  |  |  |  | DistributionsReceived |  |  |  |  |  |  |  |  |  | ,Company: Berkshire | Source: 10-K Annual Report | Page: 110 | EquityinEarnings: $ | DistributionsReceived: $
berkshire_p111_t1,berkshire,111,0," | December30,
2023 |  |  |  | December31,
2022 |  | ","Company: Berkshire | Source: 10-K Annual Report | Page: 111 | December30,
2023: $ | December31,
2022: $"
berkshire_p111_t2,berkshire,111,0, | Yearended |  |  |  |  |  |  |  |  | ,"Company: Berkshire | Source: 10-K Annual Report | Page: 111 | Yearended: December30,
2023"
berkshire_p111_t2,berkshire,111,1, | Yearended |  |  |  |  |  |  |  |  | ,Company: Berkshire | Source: 10-K Annual Report | Page: 111 | Yearended: $
berkshire_p111_t3,berkshire,111,0," | September30,
2023 |  |  |  | December31,
2022 |  | ","Company: Berkshire | Source: 10-K Annual Report | Page: 111 | September30,
2023: $ | December31,
2022: $"
berkshire_p111_t4,berkshire,111,0," |  | Twelvemonthsending
September30,2023 |  | ","Company: Berkshire | Source: 10-K Annual Report | Page: 111 | Twelvemonthsending
September30,2023: $"
berkshire_p111_t5,berkshire,111,2, |  | 2023 |  |  | 2022 |  |  |  | 2021 |  | ,Company: Berkshire | Source: 10-K Annual Report | Page: 111 | 2023: $ | 2022: $ | 2021: $
berkshire_p111_t5,berkshire,111,11, |  | 2023 |  |  | 2022 |  |  |  | 2021 |  | ,Company: Berkshire | Source: 10-K Annual Report | Page: 111 | 2023: $ | 2022: $ | 2021: $
berkshire_p112_t1,berkshire,112,0," | December31, |  |  |  |  |  | ","Company: Berkshire | Source: 10-K Annual Report | Page: 112 | December31,: 2023"
berkshire_p112_t1,berkshire,112,1," | December31, |  |  |  |  |  | ","Company: Berkshire | Source: 10-K Annual Report | Page: 112 | December31,: $"
berkshire_p112_t1,berkshire,112,4," | December31, |  |  |  |  |  | ","Company: Berkshire | Source: 10-K Annual Report | Page: 112 | December31,: $"
berkshire_p112_t2,berkshire,112,0, | 2023 |  |  |  | 2022 |  |  |  | 2021 |  | ,Company: Berkshire | Source: 10-K Annual Report | Page: 112 | 2023: $ | 2022: $ | 2021: $
berkshire_p112_t2,berkshire,112,3, | 2023 |  |  |  | 2022 |  |  |  | 2021 |  | ,Company: Berkshire | Source: 10-K Annual Report | Page: 112 | 2023: $ | 2022: $ | 2021: $
berkshire_p112_t3,berkshire,112,0, | OriginationYear |  |  |  |  |  |  |  |  |  |  |  |  |  |  |  |  |  |  |  |  |  |  |  |  |  | ,Company: Berkshire | Source: 10-K Annual Report | Page: 112 | OriginationYear: 2023
berkshire_p112_t3,berkshire,112,1, | OriginationYear |  |  |  |  |  |  |  |  |  |  |  |  |  |  |  |  |  |  |  |  |  |  |  |  |  | ,Company: Berkshire | Source: 10-K Annual Report | Page: 112 | OriginationYear: $
berkshire_p112_t3,berkshire,112,3, | OriginationYear |  |  |  |  |  |  |  |  |  |  |  |  |  |  |  |  |  |  |  |  |  |  |  |  |  | ,Company: Berkshire | Source: 10-K Annual Report | Page: 112 | OriginationYear: $
berkshire_p112_t4,berkshire,112,0," | December31, |  |  |  |  |  | ","Company: Berkshire | Source: 10-K Annual Report | Page: 112 | December31,: 2023"
berkshire_p112_t4,berkshire,112,2," | December31, |  |  |  |  |  | ","Company: Berkshire | Source: 10-K Annual Report | Page: 112 | December31,: $"
berkshire_p112_t4,berkshire,112,7," | December31, |  |  |  |  |  | ","Company: Berkshire | Source: 10-K Annual Report | Page: 112 | December31,: $"
berkshire_p112_t4,berkshire,112,9," | December31, |  |  |  |  |  | ","Company: Berkshire | Source: 10-K Annual Report | Page: 112 | December31,: $"
berkshire_p112_t4,berkshire,112,12," | December31, |  |  |  |  |  | ","Company: Berkshire | Source: 10-K Annual Report | Page: 112 | December31,: $"
berkshire_p113_t1,berkshire,113,0," |  | December31, |  |  |  |  |  | ","Company: Berkshire | Source: 10-K Annual Report | Page: 113 | December31,: 2023"
berkshire_p113_t1,berkshire,113,1," |  | December31, |  |  |  |  |  | ","Company: Berkshire | Source: 10-K Annual Report | Page: 113 | December31,: $"
berkshire_p113_t1,berkshire,113,5," |  | December31, |  |  |  |  |  | ","Company: Berkshire | Source: 10-K Annual Report | Page: 113 | December31,: $"
berkshire_p113_t2,berkshire,113,0," |  | December31, |  |  |  |  |  | ","Company: Berkshire | Source: 10-K Annual Report | Page: 113 | December31,: 2023"
berkshire_p113_t2,berkshire,113,1," |  | December31, |  |  |  |  |  | ","Company: Berkshire | Source: 10-K Annual Report | Page: 113 | December31,: $"
berkshire_p113_t2,berkshire,113,6," |  | December31, |  |  |  |  |  | ","Company: Berkshire | Source: 10-K Annual Report | Page: 113 | December31,: $"
berkshire_p113_t3,berkshire,113,0," |  | December31, |  |  |  |  |  | ","Company: Berkshire | Source: 10-K Annual Report | Page: 113 | December31,: 2023"
berkshire_p113_t3,berkshire,113,2," |  | December31, |  |  |  |  |  | ","Company: Berkshire | Source: 10-K Annual Report | Page: 113 | December31,: $"
berkshire_p113_t3,berkshire,113,18," |  | December31, |  |  |  |  |  | ","Company: Berkshire | Source: 10-K Annual Report | Page: 113 | December31,: $"
berkshire_p113_t4,berkshire,113,0, |  | 2023 |  |  |  | 2022 |  |  |  | 2021 |  | ,Company: Berkshire | Source: 10-K Annual Report | Page: 113 | 2023: $ | 2022: $ | 2021: $
berkshire_p113_t4,berkshire,113,2, |  | 2023 |  |  |  | 2022 |  |  |  | 2021 |  | ,Company: Berkshire | Source: 10-K Annual Report | Page: 113 | 2023: $ | 2022: $ | 2021: $
berkshire_p114_t1,berkshire,114,0," |  | December31, |  |  |  |  | ","Company: Berkshire | Source: 10-K Annual Report | Page: 114 | December31,: 2023"
berkshire_p114_t1,berkshire,114,1," |  | December31, |  |  |  |  | ","Company: Berkshire | Source: 10-K Annual Report | Page: 114 | December31,: $"
berkshire_p114_t1,berkshire,114,6," |  | December31, |  |  |  |  | ","Company: Berkshire | Source: 10-K Annual Report | Page: 114 | December31,: $"
berkshire_p114_t2,berkshire,114,0, |  | 2023 |  | 2022 |  | 2021 | ,"Company: Berkshire | Source: 10-K Annual Report | Page: 114 | 2023: $ | 2022: $ 5,184 | 2021: 4,482"
berkshire_p114_t2,berkshire,114,1, |  | 2023 |  | 2022 |  | 2021 | ,"Company: Berkshire | Source: 10-K Annual Report | Page: 114 | 2022: 2,330 | 2021: 1,506"
berkshire_p114_t2,berkshire,114,2, |  | 2023 |  | 2022 |  | 2021 | ,"Company: Berkshire | Source: 10-K Annual Report | Page: 114 | 2023: $ | 2022: $ 7,514 | 2021: 5,988"
berkshire_p114_t3,berkshire,114,0,2024 |  |  |  | 2025 |  |  |  | 2026 |  |  | 2027 |  |  |  | 2028 |  | Thereafter |  | Total | ,"Company: Berkshire | Source: 10-K Annual Report | Page: 114 | 2024: $ | 2025: $ | 2026: $ | 2027: $ | 2028: $ | Thereafter: $ 283 | Total: 11,988"
berkshire_p114_t4,berkshire,114,0," |  | Right-of-useassets |  |  |  | Leaseliabilities |  |  |  | Weightedaverage
remainingtermin
years |  |  | Weightedaverage
discountrateusedto
measureliabilities |  | ",Company: Berkshire | Source: 10-K Annual Report | Page: 114 | Right-of-useassets: $ | Leaseliabilities: $
berkshire_p114_t5,berkshire,114,1," |  | Year1 |  |  |  | Year2 |  |  |  | Year3 |  |  |  | Year4 |  |  |  | Year5 |  |  |  | Thereafter |  |  | Total
lease
payments |  |  | Amount
representin
interest |  | g |  | Lease
liabilities |  | ","Company: Berkshire | Source: 10-K Annual Report | Page: 114 | Year1: $ | Year2: $ | Year3: $ | Year4: $ | Year5: $ | Thereafter: $ | Total
lease
payments: 6,218 | Amount
representin
interest: $ | g: 9) | Lease
liabilities: $"
berkshire_p114_t5,berkshire,114,2," |  | Year1 |  |  |  | Year2 |  |  |  | Year3 |  |  |  | Year4 |  |  |  | Year5 |  |  |  | Thereafter |  |  | Total
lease
payments |  |  | Amount
representin
interest |  | g |  | Lease
liabilities |  | ","Company: Berkshire | Source: 10-K Annual Report | Page: 114 | Total
lease
payments: 5,651 | g: 2)"
berkshire_p114_t6,berkshire,114,0, |  | 2023 |  | 2022 |  | 2021 | ,"Company: Berkshire | Source: 10-K Annual Report | Page: 114 | 2023: $ | 2022: $ 1,361 | 2021: $ 1,426"
berkshire_p114_t6,berkshire,114,1, |  | 2023 |  | 2022 |  | 2021 | ,Company: Berkshire | Source: 10-K Annual Report | Page: 114 | 2022: 233 | 2021: 154
berkshire_p114_t6,berkshire,114,2, |  | 2023 |  | 2022 |  | 2021 | ,Company: Berkshire | Source: 10-K Annual Report | Page: 114 | 2022: 217 | 2021: 223
berkshire_p114_t6,berkshire,114,3, |  | 2023 |  | 2022 |  | 2021 | ,"Company: Berkshire | Source: 10-K Annual Report | Page: 114 | 2023: $ | 2022: $ 1,811 | 2021: $ 1,803"
berkshire_p115_t1,berkshire,115,0," |  | December31, |  |  |  |  |  | ","Company: Berkshire | Source: 10-K Annual Report | Page: 115 | December31,: 2023"
berkshire_p115_t1,berkshire,115,1," |  | December31, |  |  |  |  |  | ","Company: Berkshire | Source: 10-K Annual Report | Page: 115 | December31,: $"
berkshire_p115_t1,berkshire,115,4," |  | December31, |  |  |  |  |  | ","Company: Berkshire | Source: 10-K Annual Report | Page: 115 | December31,: $"
berkshire_p115_t2,berkshire,115,0," |  | December31,2023 |  |  |  |  |  |  |  |  |  |  |  | December31,2022 |  |  |  |  |  |  |  |  |  | ","Company: Berkshire | Source: 10-K Annual Report | Page: 115 | December31,2023: Gross
carrying
amount | December31,2022: Gross
carrying
amount"
berkshire_p115_t2,berkshire,115,2," |  | December31,2023 |  |  |  |  |  |  |  |  |  |  |  | December31,2022 |  |  |  |  |  |  |  |  |  | ","Company: Berkshire | Source: 10-K Annual Report | Page: 115 | December31,2023: $ | December31,2022: $"
berkshire_p115_t2,berkshire,115,6," |  | December31,2023 |  |  |  |  |  |  |  |  |  |  |  | December31,2022 |  |  |  |  |  |  |  |  |  | ","Company: Berkshire | Source: 10-K Annual Report | Page: 115 | December31,2023: $ | December31,2022: $"
berkshire_p115_t2,berkshire,115,8," |  | December31,2023 |  |  |  |  |  |  |  |  |  |  |  | December31,2022 |  |  |  |  |  |  |  |  |  | ","Company: Berkshire | Source: 10-K Annual Report | Page: 115 | December31,2023: $ | December31,2022: $"
berkshire_p115_t2,berkshire,115,11," |  | December31,2023 |  |  |  |  |  |  |  |  |  |  |  | December31,2022 |  |  |  |  |  |  |  |  |  | ","Company: Berkshire | Source: 10-K Annual Report | Page: 115 | December31,2023: $ | December31,2022: $"
berkshire_p115_t4,berkshire,115,1, |  | 2023 |  |  |  | 2022 |  |  |  | 2021 |  | ,Company: Berkshire | Source: 10-K Annual Report | Page: 115 | 2023: $ | 2022: $ | 2021: $
berkshire_p116_t1,berkshire,116,1, | 2023 |  |  |  | 2022 |  |  |  | 2021 |  | ,Company: Berkshire | Source: 10-K Annual Report | Page: 116 | 2023: $ | 2022: $ | 2021: $
berkshire_p116_t1,berkshire,116,17, | 2023 |  |  |  | 2022 |  |  |  | 2021 |  | ,Company: Berkshire | Source: 10-K Annual Report | Page: 116 | 2023: $ | 2022: $ | 2021: $
berkshire_p117_t1,berkshire,117,0, | GEICO |  |  |  |  |  |  |  | BHPrimary |  |  |  |  |  |  |  | BHRG |  |  |  |  |  |  |  |  |  | ,"Company: Berkshire | Source: 10-K Annual Report | Page: 117 | GEICO: Physical
Damage | BHPrimary: Medical
Professional
Liability | BHRG: Property"
berkshire_p117_t1,berkshire,117,1, | GEICO |  |  |  |  |  |  |  | BHPrimary |  |  |  |  |  |  |  | BHRG |  |  |  |  |  |  |  |  |  | ,Company: Berkshire | Source: 10-K Annual Report | Page: 117 | GEICO: $ | BHPrimary: $ | BHRG: $
berkshire_p118_t1,berkshire,118,0," |  | IncurredLossesandALAEthroughDecember31, |  |  |  |  |  |  |  |  |  |  |  |  |  | Cumulative
Numberof |  | ","Company: Berkshire | Source: 10-K Annual Report | Page: 118 | Cumulative
Numberof: Reported
Claims
(inthousands)"
berkshire_p118_t1,berkshire,118,3," |  | IncurredLossesandALAEthroughDecember31, |  |  |  |  |  |  |  |  |  |  |  |  |  | Cumulative
Numberof |  | ","Company: Berkshire | Source: 10-K Annual Report | Page: 118 | IncurredLossesandALAEthroughDecember31,: IncurredlossesandALAE"
berkshire_p118_t1,berkshire,118,4," |  | IncurredLossesandALAEthroughDecember31, |  |  |  |  |  |  |  |  |  |  |  |  |  | Cumulative
Numberof |  | ","Company: Berkshire | Source: 10-K Annual Report | Page: 118 | IncurredLossesandALAEthroughDecember31,: CumulativePaidLossesandALAEthroughDecember31,"
berkshire_p118_t1,berkshire,118,8," |  | IncurredLossesandALAEthroughDecember31, |  |  |  |  |  |  |  |  |  |  |  |  |  | Cumulative
Numberof |  | ","Company: Berkshire | Source: 10-K Annual Report | Page: 118 | IncurredLossesandALAEthroughDecember31,: PaidlossesandALAE"
berkshire_p118_t1,berkshire,118,9," |  | IncurredLossesandALAEthroughDecember31, |  |  |  |  |  |  |  |  |  |  |  |  |  | Cumulative
Numberof |  | ","Company: Berkshire | Source: 10-K Annual Report | Page: 118 | IncurredLossesandALAEthroughDecember31,: NetunpaidlossesandALAEfor2022–2023accidentyears"
berkshire_p118_t1,berkshire,118,10," |  | IncurredLossesandALAEthroughDecember31, |  |  |  |  |  |  |  |  |  |  |  |  |  | Cumulative
Numberof |  | ","Company: Berkshire | Source: 10-K Annual Report | Page: 118 | IncurredLossesandALAEthroughDecember31,: NetunpaidlossesandALAEforaccidentyearsbefore2022"
berkshire_p118_t1,berkshire,118,11," |  | IncurredLossesandALAEthroughDecember31, |  |  |  |  |  |  |  |  |  |  |  |  |  | Cumulative
Numberof |  | ","Company: Berkshire | Source: 10-K Annual Report | Page: 118 | IncurredLossesandALAEthroughDecember31,: NetunpaidlossesandALAE"
berkshire_p118_t2,berkshire,118,0," |  | IncurredLossesandALAEthroughDecember31, |  |  |  |  |  |  |  |  |  |  |  |  |  |  |  |  |  |  |  |  |  |  |  | Cumulative
Numberof |  | ","Company: Berkshire | Source: 10-K Annual Report | Page: 118 | IncurredLossesandALAEthroughDecember31,: 2019* | Cumulative
Numberof: Reported
Claims
(inthousands)"
berkshire_p118_t2,berkshire,118,1," |  | IncurredLossesandALAEthroughDecember31, |  |  |  |  |  |  |  |  |  |  |  |  |  |  |  |  |  |  |  |  |  |  |  | Cumulative
Numberof |  | ","Company: Berkshire | Source: 10-K Annual Report | Page: 118 | IncurredLossesandALAEthroughDecember31,: $"
berkshire_p118_t2,berkshire,118,6," |  | IncurredLossesandALAEthroughDecember31, |  |  |  |  |  |  |  |  |  |  |  |  |  |  |  |  |  |  |  |  |  |  |  | Cumulative
Numberof |  | ","Company: Berkshire | Source: 10-K Annual Report | Page: 118 | IncurredLossesandALAEthroughDecember31,: IncurredlossesandALAE"
berkshire_p118_t2,berkshire,118,7," |  | IncurredLossesandALAEthroughDecember31, |  |  |  |  |  |  |  |  |  |  |  |  |  |  |  |  |  |  |  |  |  |  |  | Cumulative
Numberof |  | ","Company: Berkshire | Source: 10-K Annual Report | Page: 118 | IncurredLossesandALAEthroughDecember31,: CumulativePaidLossesandALAEthroughDecember31,"
berkshire_p118_t2,berkshire,118,8," |  | IncurredLossesandALAEthroughDecember31, |  |  |  |  |  |  |  |  |  |  |  |  |  |  |  |  |  |  |  |  |  |  |  | Cumulative
Numberof |  | ","Company: Berkshire | Source: 10-K Annual Report | Page: 118 | IncurredLossesandALAEthroughDecember31,: 2019*"
berkshire_p118_t2,berkshire,118,9," |  | IncurredLossesandALAEthroughDecember31, |  |  |  |  |  |  |  |  |  |  |  |  |  |  |  |  |  |  |  |  |  |  |  | Cumulative
Numberof |  | ","Company: Berkshire | Source: 10-K Annual Report | Page: 118 | IncurredLossesandALAEthroughDecember31,: $"
berkshire_p118_t2,berkshire,118,14," |  | IncurredLossesandALAEthroughDecember31, |  |  |  |  |  |  |  |  |  |  |  |  |  |  |  |  |  |  |  |  |  |  |  | Cumulative
Numberof |  | ","Company: Berkshire | Source: 10-K Annual Report | Page: 118 | IncurredLossesandALAEthroughDecember31,: PaidlossesandALAE"
berkshire_p118_t2,berkshire,118,15," |  | IncurredLossesandALAEthroughDecember31, |  |  |  |  |  |  |  |  |  |  |  |  |  |  |  |  |  |  |  |  |  |  |  | Cumulative
Numberof |  | ","Company: Berkshire | Source: 10-K Annual Report | Page: 118 | IncurredLossesandALAEthroughDecember31,: NetunpaidlossesandALAEfor2019–2023accidentyears"
berkshire_p118_t2,berkshire,118,16," |  | IncurredLossesandALAEthroughDecember31, |  |  |  |  |  |  |  |  |  |  |  |  |  |  |  |  |  |  |  |  |  |  |  | Cumulative
Numberof |  | ","Company: Berkshire | Source: 10-K Annual Report | Page: 118 | IncurredLossesandALAEthroughDecember31,: NetunpaidlossesandALAEforaccidentyearsbefore2019"
berkshire_p118_t2,berkshire,118,17," |  | IncurredLossesandALAEthroughDecember31, |  |  |  |  |  |  |  |  |  |  |  |  |  |  |  |  |  |  |  |  |  |  |  | Cumulative
Numberof |  | ","Company: Berkshire | Source: 10-K Annual Report | Page: 118 | IncurredLossesandALAEthroughDecember31,: NetunpaidlossesandALAE"
berkshire_p119_t1,berkshire,119,0," |  | IncurredLossesandALAEthroughDecember31, |  |  |  |  |  |  |  |  |  |  |  |  |  |  |  |  |  |  |  |  |  |  |  |  |  |  |  |  |  |  |  |  |  |  |  |  |  |  |  |  |  |  |  | Cumulative
Numberof |  | ","Company: Berkshire | Source: 10-K Annual Report | Page: 119 | IncurredLossesandALAEthroughDecember31,: 2014* | Cumulative
Numberof: Reported
Claims
(inthousands)"
berkshire_p119_t1,berkshire,119,1," |  | IncurredLossesandALAEthroughDecember31, |  |  |  |  |  |  |  |  |  |  |  |  |  |  |  |  |  |  |  |  |  |  |  |  |  |  |  |  |  |  |  |  |  |  |  |  |  |  |  |  |  |  |  | Cumulative
Numberof |  | ","Company: Berkshire | Source: 10-K Annual Report | Page: 119 | IncurredLossesandALAEthroughDecember31,: $"
berkshire_p119_t1,berkshire,119,11," |  | IncurredLossesandALAEthroughDecember31, |  |  |  |  |  |  |  |  |  |  |  |  |  |  |  |  |  |  |  |  |  |  |  |  |  |  |  |  |  |  |  |  |  |  |  |  |  |  |  |  |  |  |  | Cumulative
Numberof |  | ","Company: Berkshire | Source: 10-K Annual Report | Page: 119 | IncurredLossesandALAEthroughDecember31,: IncurredlossesandALAE"
berkshire_p119_t1,berkshire,119,12," |  | IncurredLossesandALAEthroughDecember31, |  |  |  |  |  |  |  |  |  |  |  |  |  |  |  |  |  |  |  |  |  |  |  |  |  |  |  |  |  |  |  |  |  |  |  |  |  |  |  |  |  |  |  | Cumulative
Numberof |  | ","Company: Berkshire | Source: 10-K Annual Report | Page: 119 | IncurredLossesandALAEthroughDecember31,: CumulativePaidLossesandALAEthroughDecember31,"
berkshire_p119_t1,berkshire,119,13," |  | IncurredLossesandALAEthroughDecember31, |  |  |  |  |  |  |  |  |  |  |  |  |  |  |  |  |  |  |  |  |  |  |  |  |  |  |  |  |  |  |  |  |  |  |  |  |  |  |  |  |  |  |  | Cumulative
Numberof |  | ","Company: Berkshire | Source: 10-K Annual Report | Page: 119 | IncurredLossesandALAEthroughDecember31,: 2014*"
berkshire_p119_t1,berkshire,119,14," |  | IncurredLossesandALAEthroughDecember31, |  |  |  |  |  |  |  |  |  |  |  |  |  |  |  |  |  |  |  |  |  |  |  |  |  |  |  |  |  |  |  |  |  |  |  |  |  |  |  |  |  |  |  | Cumulative
Numberof |  | ","Company: Berkshire | Source: 10-K Annual Report | Page: 119 | IncurredLossesandALAEthroughDecember31,: $"
berkshire_p119_t1,berkshire,119,24," |  | IncurredLossesandALAEthroughDecember31, |  |  |  |  |  |  |  |  |  |  |  |  |  |  |  |  |  |  |  |  |  |  |  |  |  |  |  |  |  |  |  |  |  |  |  |  |  |  |  |  |  |  |  | Cumulative
Numberof |  | ","Company: Berkshire | Source: 10-K Annual Report | Page: 119 | IncurredLossesandALAEthroughDecember31,: PaidlossesandALAE"
berkshire_p119_t1,berkshire,119,25," |  | IncurredLossesandALAEthroughDecember31, |  |  |  |  |  |  |  |  |  |  |  |  |  |  |  |  |  |  |  |  |  |  |  |  |  |  |  |  |  |  |  |  |  |  |  |  |  |  |  |  |  |  |  | Cumulative
Numberof |  | ","Company: Berkshire | Source: 10-K Annual Report | Page: 119 | IncurredLossesandALAEthroughDecember31,: NetunpaidlossesandALAEfor2014–2023accidentyears"
berkshire_p119_t1,berkshire,119,26," |  | IncurredLossesandALAEthroughDecember31, |  |  |  |  |  |  |  |  |  |  |  |  |  |  |  |  |  |  |  |  |  |  |  |  |  |  |  |  |  |  |  |  |  |  |  |  |  |  |  |  |  |  |  | Cumulative
Numberof |  | ","Company: Berkshire | Source: 10-K Annual Report | Page: 119 | IncurredLossesandALAEthroughDecember31,: NetunpaidlossesandALAEforaccidentyearsbefore2014"
berkshire_p119_t1,berkshire,119,27," |  | IncurredLossesandALAEthroughDecember31, |  |  |  |  |  |  |  |  |  |  |  |  |  |  |  |  |  |  |  |  |  |  |  |  |  |  |  |  |  |  |  |  |  |  |  |  |  |  |  |  |  |  |  | Cumulative
Numberof |  | ","Company: Berkshire | Source: 10-K Annual Report | Page: 119 | IncurredLossesandALAEthroughDecember31,: NetunpaidlossesandALAE"
berkshire_p120_t1,berkshire,120,0," |  | IncurredLossesandALAEthroughDecember31, |  |  |  |  |  |  |  |  |  |  |  |  |  |  |  |  |  |  |  |  |  |  |  |  |  |  |  |  |  |  |  |  |  |  |  |  |  |  |  |  |  |  | Cumulative
Numberof |  | ","Company: Berkshire | Source: 10-K Annual Report | Page: 120 | IncurredLossesandALAEthroughDecember31,: 2014* | Cumulative
Numberof: Reported
Claims
(inthousands)"
berkshire_p120_t1,berkshire,120,1," |  | IncurredLossesandALAEthroughDecember31, |  |  |  |  |  |  |  |  |  |  |  |  |  |  |  |  |  |  |  |  |  |  |  |  |  |  |  |  |  |  |  |  |  |  |  |  |  |  |  |  |  |  | Cumulative
Numberof |  | ","Company: Berkshire | Source: 10-K Annual Report | Page: 120 | IncurredLossesandALAEthroughDecember31,: $"
berkshire_p120_t1,berkshire,120,11," |  | IncurredLossesandALAEthroughDecember31, |  |  |  |  |  |  |  |  |  |  |  |  |  |  |  |  |  |  |  |  |  |  |  |  |  |  |  |  |  |  |  |  |  |  |  |  |  |  |  |  |  |  | Cumulative
Numberof |  | ","Company: Berkshire | Source: 10-K Annual Report | Page: 120 | IncurredLossesandALAEthroughDecember31,: IncurredlossesandALAE"
berkshire_p120_t1,berkshire,120,12," |  | IncurredLossesandALAEthroughDecember31, |  |  |  |  |  |  |  |  |  |  |  |  |  |  |  |  |  |  |  |  |  |  |  |  |  |  |  |  |  |  |  |  |  |  |  |  |  |  |  |  |  |  | Cumulative
Numberof |  | ","Company: Berkshire | Source: 10-K Annual Report | Page: 120 | IncurredLossesandALAEthroughDecember31,: CumulativePaidLossesandALAEthroughDecember31,"
berkshire_p120_t1,berkshire,120,13," |  | IncurredLossesandALAEthroughDecember31, |  |  |  |  |  |  |  |  |  |  |  |  |  |  |  |  |  |  |  |  |  |  |  |  |  |  |  |  |  |  |  |  |  |  |  |  |  |  |  |  |  |  | Cumulative
Numberof |  | ","Company: Berkshire | Source: 10-K Annual Report | Page: 120 | IncurredLossesandALAEthroughDecember31,: 2014*"
berkshire_p120_t1,berkshire,120,14," |  | IncurredLossesandALAEthroughDecember31, |  |  |  |  |  |  |  |  |  |  |  |  |  |  |  |  |  |  |  |  |  |  |  |  |  |  |  |  |  |  |  |  |  |  |  |  |  |  |  |  |  |  | Cumulative
Numberof |  | ","Company: Berkshire | Source: 10-K Annual Report | Page: 120 | IncurredLossesandALAEthroughDecember31,: $"
berkshire_p120_t1,berkshire,120,24," |  | IncurredLossesandALAEthroughDecember31, |  |  |  |  |  |  |  |  |  |  |  |  |  |  |  |  |  |  |  |  |  |  |  |  |  |  |  |  |  |  |  |  |  |  |  |  |  |  |  |  |  |  | Cumulative
Numberof |  | ","Company: Berkshire | Source: 10-K Annual Report | Page: 120 | IncurredLossesandALAEthroughDecember31,: PaidlossesandALAE"
berkshire_p120_t1,berkshire,120,25," |  | IncurredLossesandALAEthroughDecember31, |  |  |  |  |  |  |  |  |  |  |  |  |  |  |  |  |  |  |  |  |  |  |  |  |  |  |  |  |  |  |  |  |  |  |  |  |  |  |  |  |  |  | Cumulative
Numberof |  | ","Company: Berkshire | Source: 10-K Annual Report | Page: 120 | IncurredLossesandALAEthroughDecember31,: NetunpaidlossesandALAEfor2014–2023accidentyears"
berkshire_p120_t1,berkshire,120,26," |  | IncurredLossesandALAEthroughDecember31, |  |  |  |  |  |  |  |  |  |  |  |  |  |  |  |  |  |  |  |  |  |  |  |  |  |  |  |  |  |  |  |  |  |  |  |  |  |  |  |  |  |  | Cumulative
Numberof |  | ","Company: Berkshire | Source: 10-K Annual Report | Page: 120 | IncurredLossesandALAEthroughDecember31,: NetunpaidlossesandALAEforaccidentyearsbefore2014"
berkshire_p120_t1,berkshire,120,27," |  | IncurredLossesandALAEthroughDecember31, |  |  |  |  |  |  |  |  |  |  |  |  |  |  |  |  |  |  |  |  |  |  |  |  |  |  |  |  |  |  |  |  |  |  |  |  |  |  |  |  |  |  | Cumulative
Numberof |  | ","Company: Berkshire | Source: 10-K Annual Report | Page: 120 | IncurredLossesandALAEthroughDecember31,: NetunpaidlossesandALAE"
berkshire_p121_t1,berkshire,121,0," |  | IncurredLossesandALAEthroughDecember31, |  |  |  |  |  |  |  |  |  |  |  |  |  |  |  |  |  |  |  |  |  |  |  |  |  |  |  |  |  |  |  |  |  |  |  |  |  |  |  |  |  | ","Company: Berkshire | Source: 10-K Annual Report | Page: 121 | IncurredLossesandALAEthroughDecember31,: 2014*"
berkshire_p121_t1,berkshire,121,1," |  | IncurredLossesandALAEthroughDecember31, |  |  |  |  |  |  |  |  |  |  |  |  |  |  |  |  |  |  |  |  |  |  |  |  |  |  |  |  |  |  |  |  |  |  |  |  |  |  |  |  |  | ","Company: Berkshire | Source: 10-K Annual Report | Page: 121 | IncurredLossesandALAEthroughDecember31,: $"
berkshire_p121_t1,berkshire,121,12," |  | IncurredLossesandALAEthroughDecember31, |  |  |  |  |  |  |  |  |  |  |  |  |  |  |  |  |  |  |  |  |  |  |  |  |  |  |  |  |  |  |  |  |  |  |  |  |  |  |  |  |  | ","Company: Berkshire | Source: 10-K Annual Report | Page: 121 | IncurredLossesandALAEthroughDecember31,: CumulativePaidLossesandALAEthroughDecember31,"
berkshire_p121_t1,berkshire,121,13," |  | IncurredLossesandALAEthroughDecember31, |  |  |  |  |  |  |  |  |  |  |  |  |  |  |  |  |  |  |  |  |  |  |  |  |  |  |  |  |  |  |  |  |  |  |  |  |  |  |  |  |  | ","Company: Berkshire | Source: 10-K Annual Report | Page: 121 | IncurredLossesandALAEthroughDecember31,: 2014*"
berkshire_p121_t1,berkshire,121,14," |  | IncurredLossesandALAEthroughDecember31, |  |  |  |  |  |  |  |  |  |  |  |  |  |  |  |  |  |  |  |  |  |  |  |  |  |  |  |  |  |  |  |  |  |  |  |  |  |  |  |  |  | ","Company: Berkshire | Source: 10-K Annual Report | Page: 121 | IncurredLossesandALAEthroughDecember31,: $"
berkshire_p122_t1,berkshire,122,0," |  | IncurredLossesandALAEthroughDecember31, |  |  |  |  |  |  |  |  |  |  |  |  |  |  |  |  |  |  |  |  |  |  |  |  |  |  |  |  |  |  |  |  |  |  |  |  |  |  |  | ","Company: Berkshire | Source: 10-K Annual Report | Page: 122 | IncurredLossesandALAEthroughDecember31,: 2014*"
berkshire_p122_t1,berkshire,122,1," |  | IncurredLossesandALAEthroughDecember31, |  |  |  |  |  |  |  |  |  |  |  |  |  |  |  |  |  |  |  |  |  |  |  |  |  |  |  |  |  |  |  |  |  |  |  |  |  |  |  | ","Company: Berkshire | Source: 10-K Annual Report | Page: 122 | IncurredLossesandALAEthroughDecember31,: $"
berkshire_p122_t1,berkshire,122,11," |  | IncurredLossesandALAEthroughDecember31, |  |  |  |  |  |  |  |  |  |  |  |  |  |  |  |  |  |  |  |  |  |  |  |  |  |  |  |  |  |  |  |  |  |  |  |  |  |  |  | ","Company: Berkshire | Source: 10-K Annual Report | Page: 122 | IncurredLossesandALAEthroughDecember31,: IncurredlossesandALAE"
berkshire_p122_t1,berkshire,122,12," |  | IncurredLossesandALAEthroughDecember31, |  |  |  |  |  |  |  |  |  |  |  |  |  |  |  |  |  |  |  |  |  |  |  |  |  |  |  |  |  |  |  |  |  |  |  |  |  |  |  | ","Company: Berkshire | Source: 10-K Annual Report | Page: 122 | IncurredLossesandALAEthroughDecember31,: CumulativePaidLossesandALAEthroughDecember31,"
berkshire_p122_t1,berkshire,122,13," |  | IncurredLossesandALAEthroughDecember31, |  |  |  |  |  |  |  |  |  |  |  |  |  |  |  |  |  |  |  |  |  |  |  |  |  |  |  |  |  |  |  |  |  |  |  |  |  |  |  | ","Company: Berkshire | Source: 10-K Annual Report | Page: 122 | IncurredLossesandALAEthroughDecember31,: 2014*"
berkshire_p122_t1,berkshire,122,14," |  | IncurredLossesandALAEthroughDecember31, |  |  |  |  |  |  |  |  |  |  |  |  |  |  |  |  |  |  |  |  |  |  |  |  |  |  |  |  |  |  |  |  |  |  |  |  |  |  |  | ","Company: Berkshire | Source: 10-K Annual Report | Page: 122 | IncurredLossesandALAEthroughDecember31,: $"
berkshire_p122_t1,berkshire,122,24," |  | IncurredLossesandALAEthroughDecember31, |  |  |  |  |  |  |  |  |  |  |  |  |  |  |  |  |  |  |  |  |  |  |  |  |  |  |  |  |  |  |  |  |  |  |  |  |  |  |  | ","Company: Berkshire | Source: 10-K Annual Report | Page: 122 | IncurredLossesandALAEthroughDecember31,: PaidlossesandALAE"
berkshire_p122_t1,berkshire,122,25," |  | IncurredLossesandALAEthroughDecember31, |  |  |  |  |  |  |  |  |  |  |  |  |  |  |  |  |  |  |  |  |  |  |  |  |  |  |  |  |  |  |  |  |  |  |  |  |  |  |  | ","Company: Berkshire | Source: 10-K Annual Report | Page: 122 | IncurredLossesandALAEthroughDecember31,: NetunpaidlossesandALAEfor2014–2023accidentyears"
berkshire_p122_t1,berkshire,122,26," |  | IncurredLossesandALAEthroughDecember31, |  |  |  |  |  |  |  |  |  |  |  |  |  |  |  |  |  |  |  |  |  |  |  |  |  |  |  |  |  |  |  |  |  |  |  |  |  |  |  | ","Company: Berkshire | Source: 10-K Annual Report | Page: 122 | IncurredLossesandALAEthroughDecember31,: NetunpaidlossesandALAEforaccidentyearsbefore2014"
berkshire_p122_t1,berkshire,122,27," |  | IncurredLossesandALAEthroughDecember31, |  |  |  |  |  |  |  |  |  |  |  |  |  |  |  |  |  |  |  |  |  |  |  |  |  |  |  |  |  |  |  |  |  |  |  |  |  |  |  | ","Company: Berkshire | Source: 10-K Annual Report | Page: 122 | IncurredLossesandALAEthroughDecember31,: NetunpaidlossesandALAE"
berkshire_p122_t2,berkshire,122,0,"AverageAnnualPercentagePayoutofIncurredLossesbyAge,NetofReinsurance |  |  |  |  |  |  |  |  |  |  |  |  |  |  |  |  |  |  | ","Company: Berkshire | Source: 10-K Annual Report | Page: 122 | AverageAnnualPercentagePayoutofIncurredLossesbyAge,NetofReinsurance: InYear"
berkshire_p122_t2,berkshire,122,1,"AverageAnnualPercentagePayoutofIncurredLossesbyAge,NetofReinsurance |  |  |  |  |  |  |  |  |  |  |  |  |  |  |  |  |  |  | ","Company: Berkshire | Source: 10-K Annual Report | Page: 122 | AverageAnnualPercentagePayoutofIncurredLossesbyAge,NetofReinsurance: GEICOPhysicalDamage"
berkshire_p122_t2,berkshire,122,2,"AverageAnnualPercentagePayoutofIncurredLossesbyAge,NetofReinsurance |  |  |  |  |  |  |  |  |  |  |  |  |  |  |  |  |  |  | ","Company: Berkshire | Source: 10-K Annual Report | Page: 122 | AverageAnnualPercentagePayoutofIncurredLossesbyAge,NetofReinsurance: GEICOAutoLiability"
berkshire_p122_t2,berkshire,122,3,"AverageAnnualPercentagePayoutofIncurredLossesbyAge,NetofReinsurance |  |  |  |  |  |  |  |  |  |  |  |  |  |  |  |  |  |  | ","Company: Berkshire | Source: 10-K Annual Report | Page: 122 | AverageAnnualPercentagePayoutofIncurredLossesbyAge,NetofReinsurance: BHPrimaryMedicalProfessionalLiability"
berkshire_p122_t2,berkshire,122,4,"AverageAnnualPercentagePayoutofIncurredLossesbyAge,NetofReinsurance |  |  |  |  |  |  |  |  |  |  |  |  |  |  |  |  |  |  | ","Company: Berkshire | Source: 10-K Annual Report | Page: 122 | AverageAnnualPercentagePayoutofIncurredLossesbyAge,NetofReinsurance: BHPrimaryWorkers’CompensationandOtherCasualty"
berkshire_p122_t2,berkshire,122,5,"AverageAnnualPercentagePayoutofIncurredLossesbyAge,NetofReinsurance |  |  |  |  |  |  |  |  |  |  |  |  |  |  |  |  |  |  | ","Company: Berkshire | Source: 10-K Annual Report | Page: 122 | AverageAnnualPercentagePayoutofIncurredLossesbyAge,NetofReinsurance: BHRGProperty"
berkshire_p122_t2,berkshire,122,6,"AverageAnnualPercentagePayoutofIncurredLossesbyAge,NetofReinsurance |  |  |  |  |  |  |  |  |  |  |  |  |  |  |  |  |  |  | ","Company: Berkshire | Source: 10-K Annual Report | Page: 122 | AverageAnnualPercentagePayoutofIncurredLossesbyAge,NetofReinsurance: BHRGCasualty"
berkshire_p123_t1,berkshire,123,0, | 2023 |  |  |  | 2022 |  |  |  | 2021 |  | ,Company: Berkshire | Source: 10-K Annual Report | Page: 123 | 2023: $ | 2022: $ | 2021: $
berkshire_p123_t1,berkshire,123,7, | 2023 |  |  |  | 2022 |  |  |  | 2021 |  | ,Company: Berkshire | Source: 10-K Annual Report | Page: 123 | 2023: $ | 2022: $ | 2021: $
berkshire_p123_t1,berkshire,123,8, | 2023 |  |  |  | 2022 |  |  |  | 2021 |  | ,Company: Berkshire | Source: 10-K Annual Report | Page: 123 | 2023: $ | 2022: $ | 2021: $
berkshire_p123_t1,berkshire,123,10, | 2023 |  |  |  | 2022 |  |  |  | 2021 |  | ,Company: Berkshire | Source: 10-K Annual Report | Page: 123 | 2023: $ | 2022: $ | 2021: $
berkshire_p123_t2,berkshire,123,0, |  |  | timates | of | ultimate |  | liabilities |  | for |  | asbestos |  | and | environmental |  |  | exposures | under | our | contracts | were | approximately,"Company: Berkshire | Source: 10-K Annual Report | Page: 123 | timates: December | ultimate: 31, | liabilities: and | and: December"
berkshire_p124_t1,berkshire,124,0," | December31, |  |  |  |  |  |  |  |  |  | ","Company: Berkshire | Source: 10-K Annual Report | Page: 124 | December31,: 2023"
berkshire_p124_t1,berkshire,124,1," | December31, |  |  |  |  |  |  |  |  |  | ","Company: Berkshire | Source: 10-K Annual Report | Page: 124 | December31,: $"
berkshire_p124_t1,berkshire,124,4," | December31, |  |  |  |  |  |  |  |  |  | ","Company: Berkshire | Source: 10-K Annual Report | Page: 124 | December31,: $"
berkshire_p124_t2,berkshire,124,0, | Periodicpaymentannuities |  |  |  |  |  |  |  |  |  |  |  | Lifeandhealth |  |  |  |  |  |  |  |  |  | ,Company: Berkshire | Source: 10-K Annual Report | Page: 124 | Periodicpaymentannuities: 2023 | Lifeandhealth: 2023
berkshire_p124_t2,berkshire,124,2, | Periodicpaymentannuities |  |  |  |  |  |  |  |  |  |  |  | Lifeandhealth |  |  |  |  |  |  |  |  |  | ,Company: Berkshire | Source: 10-K Annual Report | Page: 124 | Periodicpaymentannuities: $ | Lifeandhealth: $
berkshire_p124_t2,berkshire,124,11, | Periodicpaymentannuities |  |  |  |  |  |  |  |  |  |  |  | Lifeandhealth |  |  |  |  |  |  |  |  |  | ,Company: Berkshire | Source: 10-K Annual Report | Page: 124 | Periodicpaymentannuities: $ | Lifeandhealth: $
berkshire_p124_t2,berkshire,124,13, | Periodicpaymentannuities |  |  |  |  |  |  |  |  |  |  |  | Lifeandhealth |  |  |  |  |  |  |  |  |  | ,Company: Berkshire | Source: 10-K Annual Report | Page: 124 | Lifeandhealth: $
berkshire_p124_t2,berkshire,124,22, | Periodicpaymentannuities |  |  |  |  |  |  |  |  |  |  |  | Lifeandhealth |  |  |  |  |  |  |  |  |  | ,Company: Berkshire | Source: 10-K Annual Report | Page: 124 | Lifeandhealth: $
berkshire_p124_t2,berkshire,124,24, | Periodicpaymentannuities |  |  |  |  |  |  |  |  |  |  |  | Lifeandhealth |  |  |  |  |  |  |  |  |  | ,Company: Berkshire | Source: 10-K Annual Report | Page: 124 | Periodicpaymentannuities: $ | Lifeandhealth: $
berkshire_p124_t2,berkshire,124,26, | Periodicpaymentannuities |  |  |  |  |  |  |  |  |  |  |  | Lifeandhealth |  |  |  |  |  |  |  |  |  | ,Company: Berkshire | Source: 10-K Annual Report | Page: 124 | Periodicpaymentannuities: $ | Lifeandhealth: $
berkshire_p125_t1,berkshire,125,0," | Undiscountedexpected
futuregrosspremiums |  |  |  |  |  |  |  |  |  |  |  | Discountedexpected
futuregrosspremiums |  |  |  |  |  |  |  |  |  |  |  | Undiscountedexpected
futurebenefits |  |  |  |  |  |  |  | ","Company: Berkshire | Source: 10-K Annual Report | Page: 125 | Undiscountedexpected
futuregrosspremiums: 2023 | Discountedexpected
futuregrosspremiums: 2023 | Undiscountedexpected
futurebenefits: 2023"
berkshire_p125_t1,berkshire,125,1," | Undiscountedexpected
futuregrosspremiums |  |  |  |  |  |  |  |  |  |  |  | Discountedexpected
futuregrosspremiums |  |  |  |  |  |  |  |  |  |  |  | Undiscountedexpected
futurebenefits |  |  |  |  |  |  |  | ","Company: Berkshire | Source: 10-K Annual Report | Page: 125 | Undiscountedexpected
futuregrosspremiums: $ | Discountedexpected
futuregrosspremiums: $ | Undiscountedexpected
futurebenefits: $"
berkshire_p125_t2,berkshire,125,0, | GrossPremiums |  |  |  |  |  |  |  |  |  |  |  | InterestExpense |  |  |  |  |  |  |  |  |  | ,Company: Berkshire | Source: 10-K Annual Report | Page: 125 | GrossPremiums: 2023 | InterestExpense: 2023
berkshire_p125_t2,berkshire,125,1, | GrossPremiums |  |  |  |  |  |  |  |  |  |  |  | InterestExpense |  |  |  |  |  |  |  |  |  | ,Company: Berkshire | Source: 10-K Annual Report | Page: 125 | GrossPremiums: $ | InterestExpense: $
berkshire_p125_t3,berkshire,125,3, | 2023 |  |  |  | 2022 |  |  |  | 2021 |  | ,Company: Berkshire | Source: 10-K Annual Report | Page: 125 | 2023: 18years | 2022: 17year | 2021: 22years
berkshire_p125_t3,berkshire,125,7, | 2023 |  |  |  | 2022 |  |  |  | 2021 |  | ,Company: Berkshire | Source: 10-K Annual Report | Page: 125 | 2023: 13years | 2022: 14year | 2021: 15years
berkshire_p125_t4,berkshire,125,0," |  | Weighted
Average |  |  |  | December31, |  |  |  | ","Company: Berkshire | Source: 10-K Annual Report | Page: 125 | Weighted
Average: InterestRate | December31,: 2023"
berkshire_p125_t4,berkshire,125,3," |  | Weighted
Average |  |  |  | December31, |  |  |  | ","Company: Berkshire | Source: 10-K Annual Report | Page: 125 | December31,: $ 3,740"
berkshire_p125_t4,berkshire,125,4," |  | Weighted
Average |  |  |  | December31, |  |  |  | ","Company: Berkshire | Source: 10-K Annual Report | Page: 125 | December31,: 6,145"
berkshire_p125_t4,berkshire,125,5," |  | Weighted
Average |  |  |  | December31, |  |  |  | ","Company: Berkshire | Source: 10-K Annual Report | Page: 125 | December31,: 8,896"
berkshire_p125_t4,berkshire,125,7," |  | Weighted
Average |  |  |  | December31, |  |  |  | ","Company: Berkshire | Source: 10-K Annual Report | Page: 125 | December31,: 14,463"
berkshire_p125_t4,berkshire,125,8," |  | Weighted
Average |  |  |  | December31, |  |  |  | ","Company: Berkshire | Source: 10-K Annual Report | Page: 125 | December31,: 2,191"
berkshire_p125_t4,berkshire,125,9," |  | Weighted
Average |  |  |  | December31, |  |  |  | ","Company: Berkshire | Source: 10-K Annual Report | Page: 125 | December31,: 1,374"
berkshire_p125_t4,berkshire,125,10," |  | Weighted
Average |  |  |  | December31, |  |  |  | ","Company: Berkshire | Source: 10-K Annual Report | Page: 125 | December31,: 4,696"
berkshire_p125_t4,berkshire,125,11," |  | Weighted
Average |  |  |  | December31, |  |  |  | ","Company: Berkshire | Source: 10-K Annual Report | Page: 125 | December31,: 1,187"
berkshire_p125_t4,berkshire,125,12," |  | Weighted
Average |  |  |  | December31, |  |  |  | ","Company: Berkshire | Source: 10-K Annual Report | Page: 125 | December31,: $ 42,692"
berkshire_p126_t1,berkshire,126,0," | Weighted
Average |  |  |  | December31, |  |  |  |  | ","Company: Berkshire | Source: 10-K Annual Report | Page: 126 | Weighted
Average: InterestRate | December31,: 2023"
berkshire_p126_t1,berkshire,126,3," | Weighted
Average |  |  |  | December31, |  |  |  |  | ","Company: Berkshire | Source: 10-K Annual Report | Page: 126 | December31,: $"
berkshire_p126_t1,berkshire,126,8," | Weighted
Average |  |  |  | December31, |  |  |  |  | ","Company: Berkshire | Source: 10-K Annual Report | Page: 126 | December31,: $"
berkshire_p126_t2,berkshire,126,0, |  | 2024 |  |  |  | 2025 |  |  |  | 2026 |  |  |  | 2027 |  |  |  | 2028 |  | ,Company: Berkshire | Source: 10-K Annual Report | Page: 126 | 2024: $ | 2025: $ | 2026: $ | 2027: $ | 2028: $
berkshire_p126_t2,berkshire,126,2, |  | 2024 |  |  |  | 2025 |  |  |  | 2026 |  |  |  | 2027 |  |  |  | 2028 |  | ,Company: Berkshire | Source: 10-K Annual Report | Page: 126 | 2024: $ | 2025: $ | 2026: $ | 2027: $ | 2028: $
berkshire_p127_t1,berkshire,127,0," |  | December31, |  |  |  |  |  | ","Company: Berkshire | Source: 10-K Annual Report | Page: 127 | December31,: 2023"
berkshire_p127_t1,berkshire,127,1," |  | December31, |  |  |  |  |  | ","Company: Berkshire | Source: 10-K Annual Report | Page: 127 | December31,: $"
berkshire_p127_t1,berkshire,127,4," |  | December31, |  |  |  |  |  | ","Company: Berkshire | Source: 10-K Annual Report | Page: 127 | December31,: $"
berkshire_p127_t2,berkshire,127,0," |  | December31, |  |  |  |  |  | ","Company: Berkshire | Source: 10-K Annual Report | Page: 127 | December31,: 2023"
berkshire_p127_t2,berkshire,127,2," |  | December31, |  |  |  |  |  | ","Company: Berkshire | Source: 10-K Annual Report | Page: 127 | December31,: $"
berkshire_p127_t2,berkshire,127,16," |  | December31, |  |  |  |  |  | ","Company: Berkshire | Source: 10-K Annual Report | Page: 127 | December31,: $"
berkshire_p127_t3,berkshire,127,0, |  | 2023 |  |  | 2022 |  |  |  | 2021 |  | ,Company: Berkshire | Source: 10-K Annual Report | Page: 127 | 2023: $ | 2022: $ | 2021: $
berkshire_p127_t3,berkshire,127,3, |  | 2023 |  |  | 2022 |  |  |  | 2021 |  | ,Company: Berkshire | Source: 10-K Annual Report | Page: 127 | 2023: $ | 2022: $ | 2021: $
berkshire_p127_t3,berkshire,127,4, |  | 2023 |  |  | 2022 |  |  |  | 2021 |  | ,Company: Berkshire | Source: 10-K Annual Report | Page: 127 | 2023: $ | 2022: $ | 2021: $
berkshire_p127_t3,berkshire,127,6, |  | 2023 |  |  | 2022 |  |  |  | 2021 |  | ,Company: Berkshire | Source: 10-K Annual Report | Page: 127 | 2023: $ | 2022: $ | 2021: $
berkshire_p128_t1,berkshire,128,0, |  | 2023 |  |  |  | 2022 |  |  |  | 2021 |  | ,Company: Berkshire | Source: 10-K Annual Report | Page: 128 | 2023: $ | 2022: $ | 2021: $
berkshire_p128_t1,berkshire,128,1, |  | 2023 |  |  |  | 2022 |  |  |  | 2021 |  | ,Company: Berkshire | Source: 10-K Annual Report | Page: 128 | 2023: $ | 2022: $ | 2021: $
berkshire_p128_t1,berkshire,128,6, |  | 2023 |  |  |  | 2022 |  |  |  | 2021 |  | ,Company: Berkshire | Source: 10-K Annual Report | Page: 128 | 2023: $ | 2022: $ | 2021: $
berkshire_p129_t1,berkshire,129,2," |  | Carrying
Value |  |  |  | FairValue |  |  |  | Quoted
Prices
(Level1) |  |  |  | Significant
Other
Observable
Inputs
(Level2) |  |  |  | Significant
Unobservable
Inputs
(Level3) |  | ","Company: Berkshire | Source: 10-K Annual Report | Page: 129 | Carrying
Value: $ | FairValue: $ | Quoted
Prices
(Level1): $ | Significant
Other
Observable
Inputs
(Level2): $ | Significant
Unobservable
Inputs
(Level3): $"
berkshire_p129_t1,berkshire,129,16," |  | Carrying
Value |  |  |  | FairValue |  |  |  | Quoted
Prices
(Level1) |  |  |  | Significant
Other
Observable
Inputs
(Level2) |  |  |  | Significant
Unobservable
Inputs
(Level3) |  | ","Company: Berkshire | Source: 10-K Annual Report | Page: 129 | Carrying
Value: $ | FairValue: $ | Quoted
Prices
(Level1): $ | Significant
Other
Observable
Inputs
(Level2): $ | Significant
Unobservable
Inputs
(Level3): $"
berkshire_p130_t1,berkshire,130,1," |  | Balanceatthe
beginning
oftheyear |  |  |  | Gains(losses)
includedin
earnings |  |  |  | Acquisitions,
dispositions
and
settlements |  |  |  | Transfersout
ofLevel3 |  |  |  | Balanceatthe
endoftheyear |  | ","Company: Berkshire | Source: 10-K Annual Report | Page: 130 | Balanceatthe
beginning
oftheyear: $ | Gains(losses)
includedin
earnings: $ | Acquisitions,
dispositions
and
settlements: $ | Transfersout
ofLevel3: $ | Balanceatthe
endoftheyear: $"
berkshire_p130_t2,berkshire,130,1," |  | Fair
Value |  |  |  | Principal
Valuation
Techniques |  | Unobservable
Inputs |  | Weighted
Average","Company: Berkshire | Source: 10-K Annual Report | Page: 130 | Fair
Value: $ | Principal
Valuation
Techniques: Discountedcashflow | Unobservable
Inputs: Expectedduration | Weighted
Average: 6years"
berkshire_p130_t2,berkshire,130,2," |  | Fair
Value |  |  |  | Principal
Valuation
Techniques |  | Unobservable
Inputs |  | Weighted
Average","Company: Berkshire | Source: 10-K Annual Report | Page: 130 | Unobservable
Inputs: Discountfortransferability
restrictionsandsubordination | Weighted
Average: 372bps"
berkshire_p130_t2,berkshire,130,3," |  | Fair
Value |  |  |  | Principal
Valuation
Techniques |  | Unobservable
Inputs |  | Weighted
Average","Company: Berkshire | Source: 10-K Annual Report | Page: 130 | Principal
Valuation
Techniques: Warrantpricingmodel | Unobservable
Inputs: Expectedduration | Weighted
Average: 6years"
berkshire_p130_t2,berkshire,130,4," |  | Fair
Value |  |  |  | Principal
Valuation
Techniques |  | Unobservable
Inputs |  | Weighted
Average","Company: Berkshire | Source: 10-K Annual Report | Page: 130 | Unobservable
Inputs: Volatility | Weighted
Average: 41%"
berkshire_p131_t1,berkshire,131,0," |  | ClassA,$5ParValue
(1,650,000sharesauthorized) |  |  |  |  |  |  |  | ClassB,$0.0033ParValue
(3,225,000,000sharesauthorized) |  |  |  | ","Company: Berkshire | Source: 10-K Annual Report | Page: 131 | ClassA,$5ParValue
(1,650,000sharesauthorized): Issued | ClassB,$0.0033ParValue
(3,225,000,000sharesauthorized): Issued"
berkshire_p131_t1,berkshire,131,1," |  | ClassA,$5ParValue
(1,650,000sharesauthorized) |  |  |  |  |  |  |  | ClassB,$0.0033ParValue
(3,225,000,000sharesauthorized) |  |  |  | ","Company: Berkshire | Source: 10-K Annual Report | Page: 131 | ClassA,$5ParValue
(1,650,000sharesauthorized): 678,523 | ClassB,$0.0033ParValue
(3,225,000,000sharesauthorized): 1,469,359,852"
berkshire_p131_t1,berkshire,131,2," |  | ClassA,$5ParValue
(1,650,000sharesauthorized) |  |  |  |  |  |  |  | ClassB,$0.0033ParValue
(3,225,000,000sharesauthorized) |  |  |  | ","Company: Berkshire | Source: 10-K Annual Report | Page: 131 | ClassA,$5ParValue
(1,650,000sharesauthorized): (12,622 | ClassB,$0.0033ParValue
(3,225,000,000sharesauthorized): 18,933,000"
berkshire_p131_t1,berkshire,131,3," |  | ClassA,$5ParValue
(1,650,000sharesauthorized) |  |  |  |  |  |  |  | ClassB,$0.0033ParValue
(3,225,000,000sharesauthorized) |  |  |  | ","Company: Berkshire | Source: 10-K Annual Report | Page: 131 | ClassA,$5ParValue
(1,650,000sharesauthorized): — | ClassB,$0.0033ParValue
(3,225,000,000sharesauthorized): —"
berkshire_p131_t1,berkshire,131,4," |  | ClassA,$5ParValue
(1,650,000sharesauthorized) |  |  |  |  |  |  |  | ClassB,$0.0033ParValue
(3,225,000,000sharesauthorized) |  |  |  | ","Company: Berkshire | Source: 10-K Annual Report | Page: 131 | ClassA,$5ParValue
(1,650,000sharesauthorized): 665,901 | ClassB,$0.0033ParValue
(3,225,000,000sharesauthorized): 1,488,292,852"
berkshire_p131_t1,berkshire,131,5," |  | ClassA,$5ParValue
(1,650,000sharesauthorized) |  |  |  |  |  |  |  | ClassB,$0.0033ParValue
(3,225,000,000sharesauthorized) |  |  |  | ","Company: Berkshire | Source: 10-K Annual Report | Page: 131 | ClassA,$5ParValue
(1,650,000sharesauthorized): (14,451 | ClassB,$0.0033ParValue
(3,225,000,000sharesauthorized): 21,676,500"
berkshire_p131_t1,berkshire,131,6," |  | ClassA,$5ParValue
(1,650,000sharesauthorized) |  |  |  |  |  |  |  | ClassB,$0.0033ParValue
(3,225,000,000sharesauthorized) |  |  |  | ","Company: Berkshire | Source: 10-K Annual Report | Page: 131 | ClassA,$5ParValue
(1,650,000sharesauthorized): — | ClassB,$0.0033ParValue
(3,225,000,000sharesauthorized): —"
berkshire_p131_t1,berkshire,131,7," |  | ClassA,$5ParValue
(1,650,000sharesauthorized) |  |  |  |  |  |  |  | ClassB,$0.0033ParValue
(3,225,000,000sharesauthorized) |  |  |  | ","Company: Berkshire | Source: 10-K Annual Report | Page: 131 | ClassA,$5ParValue
(1,650,000sharesauthorized): 651,450 | ClassB,$0.0033ParValue
(3,225,000,000sharesauthorized): 1,509,969,352"
berkshire_p131_t1,berkshire,131,8," |  | ClassA,$5ParValue
(1,650,000sharesauthorized) |  |  |  |  |  |  |  | ClassB,$0.0033ParValue
(3,225,000,000sharesauthorized) |  |  |  | ","Company: Berkshire | Source: 10-K Annual Report | Page: 131 | ClassA,$5ParValue
(1,650,000sharesauthorized): (12,122 | ClassB,$0.0033ParValue
(3,225,000,000sharesauthorized): 18,183,000"
berkshire_p131_t1,berkshire,131,9," |  | ClassA,$5ParValue
(1,650,000sharesauthorized) |  |  |  |  |  |  |  | ClassB,$0.0033ParValue
(3,225,000,000sharesauthorized) |  |  |  | ","Company: Berkshire | Source: 10-K Annual Report | Page: 131 | ClassA,$5ParValue
(1,650,000sharesauthorized): — | ClassB,$0.0033ParValue
(3,225,000,000sharesauthorized): —"
berkshire_p131_t1,berkshire,131,10," |  | ClassA,$5ParValue
(1,650,000sharesauthorized) |  |  |  |  |  |  |  | ClassB,$0.0033ParValue
(3,225,000,000sharesauthorized) |  |  |  | ","Company: Berkshire | Source: 10-K Annual Report | Page: 131 | ClassA,$5ParValue
(1,650,000sharesauthorized): 639,328 | ClassB,$0.0033ParValue
(3,225,000,000sharesauthorized): 1,528,152,352"
berkshire_p132_t1,berkshire,132,0,"2023 |  | Manufacturing |  |  |  | McLane |  |  |  | Serviceand
Retailing |  |  |  | BNSF |  |  |  | Berkshire
Hathaway
Energy |  |  |  | PTC |  |  |  | Insurance,
Corporate
andother |  |  |  | Total |  | ",Company: Berkshire | Source: 10-K Annual Report | Page: 132 | 2023: Manufacturedproducts:
berkshire_p132_t1,berkshire,132,1,"2023 |  | Manufacturing |  |  |  | McLane |  |  |  | Serviceand
Retailing |  |  |  | BNSF |  |  |  | Berkshire
Hathaway
Energy |  |  |  | PTC |  |  |  | Insurance,
Corporate
andother |  |  |  | Total |  | ","Company: Berkshire | Source: 10-K Annual Report | Page: 132 | 2023: Industrialandcommercial | Manufacturing: $ | McLane: $ | Serviceand
Retailing: $ | BNSF: $ | Berkshire
Hathaway
Energy: $ | PTC: $ | Insurance,
Corporate
andother: $ | Total: $"
berkshire_p132_t1,berkshire,132,2,"2023 |  | Manufacturing |  |  |  | McLane |  |  |  | Serviceand
Retailing |  |  |  | BNSF |  |  |  | Berkshire
Hathaway
Energy |  |  |  | PTC |  |  |  | Insurance,
Corporate
andother |  |  |  | Total |  | ",Company: Berkshire | Source: 10-K Annual Report | Page: 132 | 2023: Building
berkshire_p132_t1,berkshire,132,3,"2023 |  | Manufacturing |  |  |  | McLane |  |  |  | Serviceand
Retailing |  |  |  | BNSF |  |  |  | Berkshire
Hathaway
Energy |  |  |  | PTC |  |  |  | Insurance,
Corporate
andother |  |  |  | Total |  | ",Company: Berkshire | Source: 10-K Annual Report | Page: 132 | 2023: Consumer
berkshire_p132_t1,berkshire,132,4,"2023 |  | Manufacturing |  |  |  | McLane |  |  |  | Serviceand
Retailing |  |  |  | BNSF |  |  |  | Berkshire
Hathaway
Energy |  |  |  | PTC |  |  |  | Insurance,
Corporate
andother |  |  |  | Total |  | ","Company: Berkshire | Source: 10-K Annual Report | Page: 132 | 2023: Groceryandconveniencestore
distribution"
berkshire_p132_t1,berkshire,132,5,"2023 |  | Manufacturing |  |  |  | McLane |  |  |  | Serviceand
Retailing |  |  |  | BNSF |  |  |  | Berkshire
Hathaway
Energy |  |  |  | PTC |  |  |  | Insurance,
Corporate
andother |  |  |  | Total |  | ",Company: Berkshire | Source: 10-K Annual Report | Page: 132 | 2023: Foodandbeveragedistribution
berkshire_p132_t1,berkshire,132,6,"2023 |  | Manufacturing |  |  |  | McLane |  |  |  | Serviceand
Retailing |  |  |  | BNSF |  |  |  | Berkshire
Hathaway
Energy |  |  |  | PTC |  |  |  | Insurance,
Corporate
andother |  |  |  | Total |  | ",Company: Berkshire | Source: 10-K Annual Report | Page: 132 | 2023: Autosales
berkshire_p132_t1,berkshire,132,7,"2023 |  | Manufacturing |  |  |  | McLane |  |  |  | Serviceand
Retailing |  |  |  | BNSF |  |  |  | Berkshire
Hathaway
Energy |  |  |  | PTC |  |  |  | Insurance,
Corporate
andother |  |  |  | Total |  | ","Company: Berkshire | Source: 10-K Annual Report | Page: 132 | 2023: Otherretailandwholesale
distribution"
berkshire_p132_t1,berkshire,132,8,"2023 |  | Manufacturing |  |  |  | McLane |  |  |  | Serviceand
Retailing |  |  |  | BNSF |  |  |  | Berkshire
Hathaway
Energy |  |  |  | PTC |  |  |  | Insurance,
Corporate
andother |  |  |  | Total |  | ",Company: Berkshire | Source: 10-K Annual Report | Page: 132 | 2023: Service
berkshire_p132_t1,berkshire,132,9,"2023 |  | Manufacturing |  |  |  | McLane |  |  |  | Serviceand
Retailing |  |  |  | BNSF |  |  |  | Berkshire
Hathaway
Energy |  |  |  | PTC |  |  |  | Insurance,
Corporate
andother |  |  |  | Total |  | ","Company: Berkshire | Source: 10-K Annual Report | Page: 132 | 2023: Electricity,naturalgasandfuel"
berkshire_p132_t1,berkshire,132,10,"2023 |  | Manufacturing |  |  |  | McLane |  |  |  | Serviceand
Retailing |  |  |  | BNSF |  |  |  | Berkshire
Hathaway
Energy |  |  |  | PTC |  |  |  | Insurance,
Corporate
andother |  |  |  | Total |  | ",Company: Berkshire | Source: 10-K Annual Report | Page: 132 | 2023: Total
berkshire_p132_t1,berkshire,132,11,"2023 |  | Manufacturing |  |  |  | McLane |  |  |  | Serviceand
Retailing |  |  |  | BNSF |  |  |  | Berkshire
Hathaway
Energy |  |  |  | PTC |  |  |  | Insurance,
Corporate
andother |  |  |  | Total |  | ",Company: Berkshire | Source: 10-K Annual Report | Page: 132 | 2023: Otherrevenues
berkshire_p132_t1,berkshire,132,12,"2023 |  | Manufacturing |  |  |  | McLane |  |  |  | Serviceand
Retailing |  |  |  | BNSF |  |  |  | Berkshire
Hathaway
Energy |  |  |  | PTC |  |  |  | Insurance,
Corporate
andother |  |  |  | Total |  | ","Company: Berkshire | Source: 10-K Annual Report | Page: 132 | Manufacturing: $ | McLane: $ | Serviceand
Retailing: $ | BNSF: $ | Berkshire
Hathaway
Energy: $ | PTC: $ | Insurance,
Corporate
andother: $ | Total: $"
berkshire_p132_t1,berkshire,132,13,"2023 |  | Manufacturing |  |  |  | McLane |  |  |  | Serviceand
Retailing |  |  |  | BNSF |  |  |  | Berkshire
Hathaway
Energy |  |  |  | PTC |  |  |  | Insurance,
Corporate
andother |  |  |  | Total |  | ",Company: Berkshire | Source: 10-K Annual Report | Page: 132 | 2023: 2022
berkshire_p132_t1,berkshire,132,14,"2023 |  | Manufacturing |  |  |  | McLane |  |  |  | Serviceand
Retailing |  |  |  | BNSF |  |  |  | Berkshire
Hathaway
Energy |  |  |  | PTC |  |  |  | Insurance,
Corporate
andother |  |  |  | Total |  | ",Company: Berkshire | Source: 10-K Annual Report | Page: 132 | 2023: Manufacturedproducts:
berkshire_p132_t1,berkshire,132,15,"2023 |  | Manufacturing |  |  |  | McLane |  |  |  | Serviceand
Retailing |  |  |  | BNSF |  |  |  | Berkshire
Hathaway
Energy |  |  |  | PTC |  |  |  | Insurance,
Corporate
andother |  |  |  | Total |  | ","Company: Berkshire | Source: 10-K Annual Report | Page: 132 | 2023: Industrialandcommercial | Manufacturing: $ | McLane: $ | Serviceand
Retailing: $ | BNSF: $ | Berkshire
Hathaway
Energy: $ | Insurance,
Corporate
andother: $ | Total: $"
berkshire_p132_t1,berkshire,132,16,"2023 |  | Manufacturing |  |  |  | McLane |  |  |  | Serviceand
Retailing |  |  |  | BNSF |  |  |  | Berkshire
Hathaway
Energy |  |  |  | PTC |  |  |  | Insurance,
Corporate
andother |  |  |  | Total |  | ",Company: Berkshire | Source: 10-K Annual Report | Page: 132 | 2023: Building
berkshire_p132_t1,berkshire,132,17,"2023 |  | Manufacturing |  |  |  | McLane |  |  |  | Serviceand
Retailing |  |  |  | BNSF |  |  |  | Berkshire
Hathaway
Energy |  |  |  | PTC |  |  |  | Insurance,
Corporate
andother |  |  |  | Total |  | ",Company: Berkshire | Source: 10-K Annual Report | Page: 132 | 2023: Consumer
berkshire_p132_t1,berkshire,132,18,"2023 |  | Manufacturing |  |  |  | McLane |  |  |  | Serviceand
Retailing |  |  |  | BNSF |  |  |  | Berkshire
Hathaway
Energy |  |  |  | PTC |  |  |  | Insurance,
Corporate
andother |  |  |  | Total |  | ","Company: Berkshire | Source: 10-K Annual Report | Page: 132 | 2023: Groceryandconveniencestore
distribution"
berkshire_p132_t1,berkshire,132,19,"2023 |  | Manufacturing |  |  |  | McLane |  |  |  | Serviceand
Retailing |  |  |  | BNSF |  |  |  | Berkshire
Hathaway
Energy |  |  |  | PTC |  |  |  | Insurance,
Corporate
andother |  |  |  | Total |  | ",Company: Berkshire | Source: 10-K Annual Report | Page: 132 | 2023: Foodandbeveragedistribution
berkshire_p132_t1,berkshire,132,20,"2023 |  | Manufacturing |  |  |  | McLane |  |  |  | Serviceand
Retailing |  |  |  | BNSF |  |  |  | Berkshire
Hathaway
Energy |  |  |  | PTC |  |  |  | Insurance,
Corporate
andother |  |  |  | Total |  | ",Company: Berkshire | Source: 10-K Annual Report | Page: 132 | 2023: Autosales
berkshire_p132_t1,berkshire,132,21,"2023 |  | Manufacturing |  |  |  | McLane |  |  |  | Serviceand
Retailing |  |  |  | BNSF |  |  |  | Berkshire
Hathaway
Energy |  |  |  | PTC |  |  |  | Insurance,
Corporate
andother |  |  |  | Total |  | ","Company: Berkshire | Source: 10-K Annual Report | Page: 132 | 2023: Otherretailandwholesale
distribution"
berkshire_p132_t1,berkshire,132,22,"2023 |  | Manufacturing |  |  |  | McLane |  |  |  | Serviceand
Retailing |  |  |  | BNSF |  |  |  | Berkshire
Hathaway
Energy |  |  |  | PTC |  |  |  | Insurance,
Corporate
andother |  |  |  | Total |  | ",Company: Berkshire | Source: 10-K Annual Report | Page: 132 | 2023: Service
berkshire_p132_t1,berkshire,132,23,"2023 |  | Manufacturing |  |  |  | McLane |  |  |  | Serviceand
Retailing |  |  |  | BNSF |  |  |  | Berkshire
Hathaway
Energy |  |  |  | PTC |  |  |  | Insurance,
Corporate
andother |  |  |  | Total |  | ",Company: Berkshire | Source: 10-K Annual Report | Page: 132 | 2023: Electricityandnaturalgas
berkshire_p132_t1,berkshire,132,24,"2023 |  | Manufacturing |  |  |  | McLane |  |  |  | Serviceand
Retailing |  |  |  | BNSF |  |  |  | Berkshire
Hathaway
Energy |  |  |  | PTC |  |  |  | Insurance,
Corporate
andother |  |  |  | Total |  | ",Company: Berkshire | Source: 10-K Annual Report | Page: 132 | 2023: Total
berkshire_p132_t1,berkshire,132,25,"2023 |  | Manufacturing |  |  |  | McLane |  |  |  | Serviceand
Retailing |  |  |  | BNSF |  |  |  | Berkshire
Hathaway
Energy |  |  |  | PTC |  |  |  | Insurance,
Corporate
andother |  |  |  | Total |  | ",Company: Berkshire | Source: 10-K Annual Report | Page: 132 | 2023: Otherrevenues
berkshire_p132_t1,berkshire,132,26,"2023 |  | Manufacturing |  |  |  | McLane |  |  |  | Serviceand
Retailing |  |  |  | BNSF |  |  |  | Berkshire
Hathaway
Energy |  |  |  | PTC |  |  |  | Insurance,
Corporate
andother |  |  |  | Total |  | ","Company: Berkshire | Source: 10-K Annual Report | Page: 132 | Manufacturing: $ | McLane: $ | Serviceand
Retailing: $ | BNSF: $ | Berkshire
Hathaway
Energy: $ | Insurance,
Corporate
andother: $ | Total: $"
berkshire_p132_t1,berkshire,132,27,"2023 |  | Manufacturing |  |  |  | McLane |  |  |  | Serviceand
Retailing |  |  |  | BNSF |  |  |  | Berkshire
Hathaway
Energy |  |  |  | PTC |  |  |  | Insurance,
Corporate
andother |  |  |  | Total |  | ",Company: Berkshire | Source: 10-K Annual Report | Page: 132 | 2023: 2021
berkshire_p132_t1,berkshire,132,28,"2023 |  | Manufacturing |  |  |  | McLane |  |  |  | Serviceand
Retailing |  |  |  | BNSF |  |  |  | Berkshire
Hathaway
Energy |  |  |  | PTC |  |  |  | Insurance,
Corporate
andother |  |  |  | Total |  | ",Company: Berkshire | Source: 10-K Annual Report | Page: 132 | 2023: Manufacturedproducts:
berkshire_p132_t1,berkshire,132,29,"2023 |  | Manufacturing |  |  |  | McLane |  |  |  | Serviceand
Retailing |  |  |  | BNSF |  |  |  | Berkshire
Hathaway
Energy |  |  |  | PTC |  |  |  | Insurance,
Corporate
andother |  |  |  | Total |  | ","Company: Berkshire | Source: 10-K Annual Report | Page: 132 | 2023: Industrialandcommercial | Manufacturing: $ | McLane: $ | Serviceand
Retailing: $ | BNSF: $ | Berkshire
Hathaway
Energy: $ | Insurance,
Corporate
andother: $ | Total: $"
berkshire_p132_t1,berkshire,132,30,"2023 |  | Manufacturing |  |  |  | McLane |  |  |  | Serviceand
Retailing |  |  |  | BNSF |  |  |  | Berkshire
Hathaway
Energy |  |  |  | PTC |  |  |  | Insurance,
Corporate
andother |  |  |  | Total |  | ",Company: Berkshire | Source: 10-K Annual Report | Page: 132 | 2023: Building
berkshire_p132_t1,berkshire,132,31,"2023 |  | Manufacturing |  |  |  | McLane |  |  |  | Serviceand
Retailing |  |  |  | BNSF |  |  |  | Berkshire
Hathaway
Energy |  |  |  | PTC |  |  |  | Insurance,
Corporate
andother |  |  |  | Total |  | ",Company: Berkshire | Source: 10-K Annual Report | Page: 132 | 2023: Consumer
berkshire_p132_t1,berkshire,132,32,"2023 |  | Manufacturing |  |  |  | McLane |  |  |  | Serviceand
Retailing |  |  |  | BNSF |  |  |  | Berkshire
Hathaway
Energy |  |  |  | PTC |  |  |  | Insurance,
Corporate
andother |  |  |  | Total |  | ","Company: Berkshire | Source: 10-K Annual Report | Page: 132 | 2023: Groceryandconveniencestore
distribution"
berkshire_p132_t1,berkshire,132,33,"2023 |  | Manufacturing |  |  |  | McLane |  |  |  | Serviceand
Retailing |  |  |  | BNSF |  |  |  | Berkshire
Hathaway
Energy |  |  |  | PTC |  |  |  | Insurance,
Corporate
andother |  |  |  | Total |  | ",Company: Berkshire | Source: 10-K Annual Report | Page: 132 | 2023: Foodandbeveragedistribution
berkshire_p132_t1,berkshire,132,34,"2023 |  | Manufacturing |  |  |  | McLane |  |  |  | Serviceand
Retailing |  |  |  | BNSF |  |  |  | Berkshire
Hathaway
Energy |  |  |  | PTC |  |  |  | Insurance,
Corporate
andother |  |  |  | Total |  | ",Company: Berkshire | Source: 10-K Annual Report | Page: 132 | 2023: Autosales
berkshire_p132_t1,berkshire,132,35,"2023 |  | Manufacturing |  |  |  | McLane |  |  |  | Serviceand
Retailing |  |  |  | BNSF |  |  |  | Berkshire
Hathaway
Energy |  |  |  | PTC |  |  |  | Insurance,
Corporate
andother |  |  |  | Total |  | ","Company: Berkshire | Source: 10-K Annual Report | Page: 132 | 2023: Otherretailandwholesale
distribution"
berkshire_p132_t1,berkshire,132,36,"2023 |  | Manufacturing |  |  |  | McLane |  |  |  | Serviceand
Retailing |  |  |  | BNSF |  |  |  | Berkshire
Hathaway
Energy |  |  |  | PTC |  |  |  | Insurance,
Corporate
andother |  |  |  | Total |  | ",Company: Berkshire | Source: 10-K Annual Report | Page: 132 | 2023: Service
berkshire_p132_t1,berkshire,132,37,"2023 |  | Manufacturing |  |  |  | McLane |  |  |  | Serviceand
Retailing |  |  |  | BNSF |  |  |  | Berkshire
Hathaway
Energy |  |  |  | PTC |  |  |  | Insurance,
Corporate
andother |  |  |  | Total |  | ",Company: Berkshire | Source: 10-K Annual Report | Page: 132 | 2023: Electricityandnaturalgas
berkshire_p132_t1,berkshire,132,38,"2023 |  | Manufacturing |  |  |  | McLane |  |  |  | Serviceand
Retailing |  |  |  | BNSF |  |  |  | Berkshire
Hathaway
Energy |  |  |  | PTC |  |  |  | Insurance,
Corporate
andother |  |  |  | Total |  | ",Company: Berkshire | Source: 10-K Annual Report | Page: 132 | 2023: Total
berkshire_p132_t1,berkshire,132,39,"2023 |  | Manufacturing |  |  |  | McLane |  |  |  | Serviceand
Retailing |  |  |  | BNSF |  |  |  | Berkshire
Hathaway
Energy |  |  |  | PTC |  |  |  | Insurance,
Corporate
andother |  |  |  | Total |  | ",Company: Berkshire | Source: 10-K Annual Report | Page: 132 | 2023: Otherrevenues
berkshire_p132_t1,berkshire,132,40,"2023 |  | Manufacturing |  |  |  | McLane |  |  |  | Serviceand
Retailing |  |  |  | BNSF |  |  |  | Berkshire
Hathaway
Energy |  |  |  | PTC |  |  |  | Insurance,
Corporate
andother |  |  |  | Total |  | ","Company: Berkshire | Source: 10-K Annual Report | Page: 132 | Manufacturing: $ | McLane: $ | Serviceand
Retailing: $ | BNSF: $ | Berkshire
Hathaway
Energy: $ | Insurance,
Corporate
andother: $ | Total: $"
berkshire_p133_t1,berkshire,133,0," |  | Lessthan
12months |  |  |  | Greaterthan
12months |  |  |  | Total |  | ","Company: Berkshire | Source: 10-K Annual Report | Page: 133 | Lessthan
12months: $ | Greaterthan
12months: $ | Total: $"
berkshire_p133_t2,berkshire,133,0, |  | 2023 |  |  |  | 2022 |  |  |  | 2021 |  | ,Company: Berkshire | Source: 10-K Annual Report | Page: 133 | 2023: $ | 2022: $ | 2021: $
berkshire_p133_t2,berkshire,133,4, |  | 2023 |  |  |  | 2022 |  |  |  | 2021 |  | ,Company: Berkshire | Source: 10-K Annual Report | Page: 133 | 2023: $ | 2022: $ | 2021: $
berkshire_p133_t3,berkshire,133,0, |  | 2023 |  |  |  |  |  |  |  |  |  |  |  | 2022 |  |  |  |  |  |  |  |  |  | ,Company: Berkshire | Source: 10-K Annual Report | Page: 133 | 2023: BHE | 2022: BHE
berkshire_p133_t3,berkshire,133,2, |  | 2023 |  |  |  |  |  |  |  |  |  |  |  | 2022 |  |  |  |  |  |  |  |  |  | ,Company: Berkshire | Source: 10-K Annual Report | Page: 133 | 2023: $ | 2022: $
berkshire_p133_t3,berkshire,133,8, |  | 2023 |  |  |  |  |  |  |  |  |  |  |  | 2022 |  |  |  |  |  |  |  |  |  | ,Company: Berkshire | Source: 10-K Annual Report | Page: 133 | 2023: $ | 2022: $
berkshire_p133_t3,berkshire,133,10, |  | 2023 |  |  |  |  |  |  |  |  |  |  |  | 2022 |  |  |  |  |  |  |  |  |  | ,Company: Berkshire | Source: 10-K Annual Report | Page: 133 | 2023: $ | 2022: $
berkshire_p133_t3,berkshire,133,16, |  | 2023 |  |  |  |  |  |  |  |  |  |  |  | 2022 |  |  |  |  |  |  |  |  |  | ,Company: Berkshire | Source: 10-K Annual Report | Page: 133 | 2023: $ | 2022: $
berkshire_p133_t3,berkshire,133,17, |  | 2023 |  |  |  |  |  |  |  |  |  |  |  | 2022 |  |  |  |  |  |  |  |  |  | ,Company: Berkshire | Source: 10-K Annual Report | Page: 133 | 2023: $ | 2022: $
berkshire_p134_t1,berkshire,134,0, | 2023 |  |  | 2022 |  | ,Company: Berkshire | Source: 10-K Annual Report | Page: 134 | 2023: $ | 2022: $
berkshire_p134_t2,berkshire,134,1, | 2023 |  |  | 2022 |  |  | 2021 |  | ,Company: Berkshire | Source: 10-K Annual Report | Page: 134 | 2022: 5.9 | 2021: 6.1
berkshire_p134_t2,berkshire,134,2, | 2023 |  |  | 2022 |  |  | 2021 |  | ,Company: Berkshire | Source: 10-K Annual Report | Page: 134 | 2023: 2.6 | 2022: 2.5 | 2021: 2.6
berkshire_p134_t3,berkshire,134,0," |  | FairValue |  |  |  |  |  |  |  |  |  |  |  |  |  |  | Investments
carriedatnet |  | ","Company: Berkshire | Source: 10-K Annual Report | Page: 134 | FairValue: Total | Investments
carriedatnet: assetvalue"
berkshire_p134_t3,berkshire,134,2," |  | FairValue |  |  |  |  |  |  |  |  |  |  |  |  |  |  | Investments
carriedatnet |  | ","Company: Berkshire | Source: 10-K Annual Report | Page: 134 | FairValue: $ | Investments
carriedatnet: $"
berkshire_p134_t3,berkshire,134,6," |  | FairValue |  |  |  |  |  |  |  |  |  |  |  |  |  |  | Investments
carriedatnet |  | ","Company: Berkshire | Source: 10-K Annual Report | Page: 134 | FairValue: $ | Investments
carriedatnet: $"
berkshire_p134_t3,berkshire,134,8," |  | FairValue |  |  |  |  |  |  |  |  |  |  |  |  |  |  | Investments
carriedatnet |  | ","Company: Berkshire | Source: 10-K Annual Report | Page: 134 | FairValue: $ | Investments
carriedatnet: $"
berkshire_p134_t3,berkshire,134,12," |  | FairValue |  |  |  |  |  |  |  |  |  |  |  |  |  |  | Investments
carriedatnet |  | ","Company: Berkshire | Source: 10-K Annual Report | Page: 134 | FairValue: $ | Investments
carriedatnet: $"
berkshire_p135_t1,berkshire,135,0, |  | 2023 |  |  |  | 2022 |  | ,Company: Berkshire | Source: 10-K Annual Report | Page: 135 | 2023: $ | 2022: $
berkshire_p135_t1,berkshire,135,3, |  | 2023 |  |  |  | 2022 |  | ,Company: Berkshire | Source: 10-K Annual Report | Page: 135 | 2023: $ | 2022: $
berkshire_p135_t2,berkshire,135,0," |  | Unrealized
gains(losses)
oninvestments |  |  | Foreign
currency
translation |  |  | Long-duration
insurance
contracts |  |  | Defined
benefit
pensionplans |  |  | Other |  | Total |  | ","Company: Berkshire | Source: 10-K Annual Report | Page: 135 | Unrealized
gains(losses)
oninvestments: $ | Foreign
currency
translation: $ | Long-duration
insurance
contracts: $ | Defined
benefit
pensionplans: $ | Other: $ | Total: $"
berkshire_p135_t2,berkshire,135,8," |  | Unrealized
gains(losses)
oninvestments |  |  | Foreign
currency
translation |  |  | Long-duration
insurance
contracts |  |  | Defined
benefit
pensionplans |  |  | Other |  | Total |  | ","Company: Berkshire | Source: 10-K Annual Report | Page: 135 | Unrealized
gains(losses)
oninvestments: $ | Foreign
currency
translation: $ | Long-duration
insurance
contracts: $ | Defined
benefit
pensionplans: $ | Other: $ | Total: $"
berkshire_p137_t1,berkshire,137,0, | Revenues |  |  |  |  |  |  |  | Earnings(loss)beforeincometaxes |  |  |  |  |  |  |  | ,Company: Berkshire | Source: 10-K Annual Report | Page: 137 | Revenues: 2023 | Earnings(loss)beforeincometaxes: 2023
berkshire_p137_t1,berkshire,137,4, | Revenues |  |  |  |  |  |  |  | Earnings(loss)beforeincometaxes |  |  |  |  |  |  |  | ,Company: Berkshire | Source: 10-K Annual Report | Page: 137 | Revenues: $ | Earnings(loss)beforeincometaxes: $
berkshire_p137_t1,berkshire,137,22, | Revenues |  |  |  |  |  |  |  | Earnings(loss)beforeincometaxes |  |  |  |  |  |  |  | ,Company: Berkshire | Source: 10-K Annual Report | Page: 137 | Revenues: $ | Earnings(loss)beforeincometaxes: $
berkshire_p137_t2,berkshire,137,0, |  | Interestexpense |  |  |  |  |  |  |  | Incometaxexpense(benefit) |  |  |  |  |  |  |  | ,Company: Berkshire | Source: 10-K Annual Report | Page: 137 | Interestexpense: 2023 | Incometaxexpense(benefit): 2023
berkshire_p137_t2,berkshire,137,2, |  | Interestexpense |  |  |  |  |  |  |  | Incometaxexpense(benefit) |  |  |  |  |  |  |  | ,Company: Berkshire | Source: 10-K Annual Report | Page: 137 | Interestexpense: $ | Incometaxexpense(benefit): $
berkshire_p137_t2,berkshire,137,15, |  | Interestexpense |  |  |  |  |  |  |  | Incometaxexpense(benefit) |  |  |  |  |  |  |  | ,Company: Berkshire | Source: 10-K Annual Report | Page: 137 | Interestexpense: $ | Incometaxexpense(benefit): $
berkshire_p138_t1,berkshire,138,0, | Capitalexpenditures |  |  |  |  |  |  |  |  |  | Depreciationoftangibleassets |  |  |  |  |  |  |  | ,Company: Berkshire | Source: 10-K Annual Report | Page: 138 | Capitalexpenditures: 2023 | Depreciationoftangibleassets: 2023
berkshire_p138_t1,berkshire,138,2, | Capitalexpenditures |  |  |  |  |  |  |  |  |  | Depreciationoftangibleassets |  |  |  |  |  |  |  | ,Company: Berkshire | Source: 10-K Annual Report | Page: 138 | Capitalexpenditures: $ | Depreciationoftangibleassets: $
berkshire_p138_t1,berkshire,138,9, | Capitalexpenditures |  |  |  |  |  |  |  |  |  | Depreciationoftangibleassets |  |  |  |  |  |  |  | ,Company: Berkshire | Source: 10-K Annual Report | Page: 138 | Capitalexpenditures: $ | Depreciationoftangibleassets: $
berkshire_p138_t2,berkshire,138,0, | Goodwillatyear-end |  |  |  |  |  |  |  |  |  | Identifiableassetsatyear-end |  |  |  |  |  |  |  | ,Company: Berkshire | Source: 10-K Annual Report | Page: 138 | Goodwillatyear-end: 2023 | Identifiableassetsatyear-end: 2023
berkshire_p138_t2,berkshire,138,2, | Goodwillatyear-end |  |  |  |  |  |  |  |  |  | Identifiableassetsatyear-end |  |  |  |  |  |  |  | ,Company: Berkshire | Source: 10-K Annual Report | Page: 138 | Goodwillatyear-end: $ | Identifiableassetsatyear-end: $
berkshire_p138_t2,berkshire,138,9, | Goodwillatyear-end |  |  |  |  |  |  |  |  |  | Identifiableassetsatyear-end |  |  |  |  |  |  |  | ,Company: Berkshire | Source: 10-K Annual Report | Page: 138 | Goodwillatyear-end: $
berkshire_p138_t2,berkshire,138,13, | Goodwillatyear-end |  |  |  |  |  |  |  |  |  | Identifiableassetsatyear-end |  |  |  |  |  |  |  | ,Company: Berkshire | Source: 10-K Annual Report | Page: 138 | Identifiableassetsatyear-end: $
berkshire_p138_t3,berkshire,138,0, | Property/Casualty |  |  |  |  |  |  |  |  |  | Life/Health |  |  |  |  |  |  |  | ,Company: Berkshire | Source: 10-K Annual Report | Page: 138 | Property/Casualty: 2023 | Life/Health: 2023
berkshire_p138_t3,berkshire,138,2, | Property/Casualty |  |  |  |  |  |  |  |  |  | Life/Health |  |  |  |  |  |  |  | ,Company: Berkshire | Source: 10-K Annual Report | Page: 138 | Property/Casualty: $ | Life/Health: $
berkshire_p138_t3,berkshire,138,5, | Property/Casualty |  |  |  |  |  |  |  |  |  | Life/Health |  |  |  |  |  |  |  | ,Company: Berkshire | Source: 10-K Annual Report | Page: 138 | Property/Casualty: $ | Life/Health: $
berkshire_p138_t3,berkshire,138,7, | Property/Casualty |  |  |  |  |  |  |  |  |  | Life/Health |  |  |  |  |  |  |  | ,Company: Berkshire | Source: 10-K Annual Report | Page: 138 | Property/Casualty: $ | Life/Health: $
berkshire_p138_t3,berkshire,138,10, | Property/Casualty |  |  |  |  |  |  |  |  |  | Life/Health |  |  |  |  |  |  |  | ,Company: Berkshire | Source: 10-K Annual Report | Page: 138 | Property/Casualty: $ | Life/Health: $
berkshire_p138_t4,berkshire,138,0, | Property/Casualty |  |  |  |  |  |  |  |  |  | Life/Health |  |  |  |  |  |  |  | ,Company: Berkshire | Source: 10-K Annual Report | Page: 138 | Property/Casualty: 2023 | Life/Health: 2023
berkshire_p138_t4,berkshire,138,1, | Property/Casualty |  |  |  |  |  |  |  |  |  | Life/Health |  |  |  |  |  |  |  | ,Company: Berkshire | Source: 10-K Annual Report | Page: 138 | Property/Casualty: $ | Life/Health: $
berkshire_p138_t4,berkshire,138,5, | Property/Casualty |  |  |  |  |  |  |  |  |  | Life/Health |  |  |  |  |  |  |  | ,Company: Berkshire | Source: 10-K Annual Report | Page: 138 | Property/Casualty: $ | Life/Health: $
berkshire_p144_t1,berkshire,144,0," |  | December31, |  |  |  |  |  | ","Company: Berkshire | Source: 10-K Annual Report | Page: 144 | December31,: 2023"
berkshire_p144_t1,berkshire,144,2," |  | December31, |  |  |  |  |  | ","Company: Berkshire | Source: 10-K Annual Report | Page: 144 | December31,: $"
berkshire_p144_t1,berkshire,144,7," |  | December31, |  |  |  |  |  | ","Company: Berkshire | Source: 10-K Annual Report | Page: 144 | December31,: $"
berkshire_p144_t1,berkshire,144,9," |  | December31, |  |  |  |  |  | ","Company: Berkshire | Source: 10-K Annual Report | Page: 144 | December31,: $"
berkshire_p144_t1,berkshire,144,14," |  | December31, |  |  |  |  |  | ","Company: Berkshire | Source: 10-K Annual Report | Page: 144 | December31,: $"
berkshire_p144_t2,berkshire,144,0," |  | YearendedDecember31, |  |  |  |  |  |  |  |  |  | ","Company: Berkshire | Source: 10-K Annual Report | Page: 144 | YearendedDecember31,: 2023"
berkshire_p144_t2,berkshire,144,3," |  | YearendedDecember31, |  |  |  |  |  |  |  |  |  | ","Company: Berkshire | Source: 10-K Annual Report | Page: 144 | YearendedDecember31,: $"
berkshire_p144_t2,berkshire,144,18," |  | YearendedDecember31, |  |  |  |  |  |  |  |  |  | ","Company: Berkshire | Source: 10-K Annual Report | Page: 144 | YearendedDecember31,: $"
berkshire_p145_t1,berkshire,145,0," |  | YearendedDecember31, |  |  |  |  |  |  |  |  |  | ","Company: Berkshire | Source: 10-K Annual Report | Page: 145 | YearendedDecember31,: 2023"
berkshire_p145_t1,berkshire,145,2," |  | YearendedDecember31, |  |  |  |  |  |  |  |  |  | ","Company: Berkshire | Source: 10-K Annual Report | Page: 145 | YearendedDecember31,: $"
berkshire_p145_t1,berkshire,145,23," |  | YearendedDecember31, |  |  |  |  |  |  |  |  |  | ","Company: Berkshire | Source: 10-K Annual Report | Page: 145 | YearendedDecember31,: $"
berkshire_p145_t1,berkshire,145,25," |  | YearendedDecember31, |  |  |  |  |  |  |  |  |  | ","Company: Berkshire | Source: 10-K Annual Report | Page: 145 | YearendedDecember31,: $"
